image_id,bbox
A1_0.jpg,"[0, 0.3375, 0.728125, 0.23125, 0.20625]"
A1_1.jpg,"[0, 0.37578125, 0.659375, 0.2765625, 0.33125]"
A10_0.jpg,"[0, 0.37734375, 0.38125, 0.2671875, 0.22916666666666666]"
A10_1.jpg,"[0, 0.36171875, 0.41354166666666664, 0.2953125, 0.29375]"
A11_0.jpg,"[0, 0.3453125, 0.65625, 0.2125, 0.19166666666666668]"
A11_1.jpg,"[0, 0.3453125, 0.6572916666666667, 0.2125, 0.19375]"
A12_0.jpg,"[0, 0.38984375, 0.803125, 0.2265625, 0.18958333333333333]"
A12_1.jpg,"[0, 0.38984375, 0.803125, 0.2265625, 0.18958333333333333]"
A13_0.jpg,"[0, 0.3796875, 0.659375, 0.2375, 0.21875]"
A13_1.jpg,"[0, 0.57578125, 0.7010416666666667, 0.2765625, 0.30625]"
A15_0.jpg,"[0, 0.28046875, 0.65, 0.2453125, 0.225]"
A15_1.jpg,"[0, 0.18515625, 0.6364583333333333, 0.3703125, 0.4479166666666667]"
A16_0.jpg,"[0, 0.3125, 0.58125, 0.259375, 0.24583333333333332]"
A16_1.jpg,"[0, 0.3296875, 0.6333333333333333, 0.29375, 0.31666666666666665]"
A17_0.jpg,"[0, 0.34609375, 0.6729166666666667, 0.1984375, 0.17916666666666667]"
A17_1.jpg,"[0, 0.625, 0.709375, 0.221875, 0.22708333333333333]"
A18_0.jpg,"[0, 0.30859375, 0.671875, 0.2296875, 0.21041666666666667]"
A18_1.jpg,"[0, 0.296875, 0.6458333333333334, 0.24375, 0.2375]"
A19_0.jpg,"[0, 0.30546875, 0.665625, 0.2640625, 0.22708333333333333]"
A19_1.jpg,"[0, 0.3671875, 0.6958333333333333, 0.315625, 0.375]"
A20_0.jpg,"[0, 0.371875, 0.70625, 0.1875, 0.16666666666666666]"
A20_1.jpg,"[0, 0.4671875, 0.7854166666666667, 0.234375, 0.2875]"
A23_0.jpg,"[0, 0.315625, 0.66875, 0.209375, 0.18333333333333332]"
A23_1.jpg,"[0, 0.31796875, 0.8447916666666667, 0.3640625, 0.3104166666666667]"
A25_0.jpg,"[0, 0.2984375, 0.36041666666666666, 0.309375, 0.2875]"
A25_1.jpg,"[0, 0.7953125, 0.3416666666666667, 0.384375, 0.425]"
A26_0.jpg,"[0, 0.4265625, 0.71875, 0.1875, 0.15833333333333333]"
A26_1.jpg,"[0, 0.4296875, 0.7864583333333334, 0.221875, 0.24375]"
A27_0.jpg,"[0, 0.34921875, 0.6947916666666667, 0.1984375, 0.17291666666666666]"
A27_1.jpg,"[0, 0.60546875, 0.7697916666666667, 0.1953125, 0.22708333333333333]"
A29_0.jpg,"[0, 0.259375, 0.6822916666666666, 0.209375, 0.19375]"
A29_1.jpg,"[0, 0.24765625, 0.6541666666666667, 0.2203125, 0.21666666666666667]"
A3_0.jpg,"[0, 0.45234375, 0.7666666666666667, 0.2359375, 0.19166666666666668]"
A3_1.jpg,"[0, 0.41953125, 0.8802083333333334, 0.2953125, 0.23958333333333334]"
A30_0.jpg,"[0, 0.346875, 0.615625, 0.23125, 0.21875]"
A30_1.jpg,"[0, 0.653125, 0.615625, 0.23125, 0.21875]"
A5_0.jpg,"[0, 0.30546875, 0.690625, 0.3390625, 0.26458333333333334]"
A6_0.jpg,"[0, 0.44375, 0.6229166666666667, 0.275, 0.2625]"
A6_1.jpg,"[0, 0.52265625, 0.6395833333333333, 0.3234375, 0.36666666666666664]"
A7_0.jpg,"[0, 0.196875, 0.640625, 0.253125, 0.23125]"
A7_1.jpg,"[0, 0.23046875, 0.4625, 0.2671875, 0.2875]"
B1_0.jpg,"[1, 0.38046875, 0.68125, 0.1328125, 0.4]"
B1_1.jpg,"[1, 0.61484375, 0.684375, 0.1421875, 0.40625]"
B11_0.jpg,"[1, 0.34921875, 0.6072916666666667, 0.1140625, 0.32708333333333334]"
B11_1.jpg,"[1, 0.81484375, 0.653125, 0.2078125, 0.38958333333333334]"
B12_0.jpg,"[1, 0.2171875, 0.4125, 0.125, 0.35]"
B12_1.jpg,"[1, 0.2125, 0.38229166666666664, 0.284375, 0.45208333333333334]"
B14_0.jpg,"[1, 0.35859375, 0.65, 0.1203125, 0.35833333333333334]"
B14_1.jpg,"[1, 0.62421875, 0.6729166666666667, 0.1546875, 0.375]"
B15_0.jpg,"[1, 0.3140625, 0.675, 0.121875, 0.3541666666666667]"
B15_1.jpg,"[1, 0.66875, 0.7020833333333333, 0.153125, 0.37083333333333335]"
B16_0.jpg,"[1, 0.2875, 0.671875, 0.134375, 0.38958333333333334]"
B16_1.jpg,"[1, 0.275, 0.6416666666666667, 0.1625, 0.4041666666666667]"
B17_0.jpg,"[1, 0.27109375, 0.621875, 0.1453125, 0.42291666666666666]"
B17_1.jpg,"[1, 0.6203125, 0.6864583333333333, 0.253125, 0.5104166666666666]"
B18_0.jpg,"[1, 0.26171875, 0.6229166666666667, 0.1578125, 0.45416666666666666]"
B18_1.jpg,"[1, 0.7796875, 0.7135416666666666, 0.228125, 0.49375]"
B19_0.jpg,"[1, 0.25234375, 0.634375, 0.1734375, 0.49375]"
B19_1.jpg,"[1, 0.82109375, 0.49375, 0.3578125, 0.65]"
B2_0.jpg,"[1, 0.41875, 0.728125, 0.1375, 0.41458333333333336]"
B2_1.jpg,"[1, 0.44375, 0.740625, 0.18125, 0.4354166666666667]"
B20_0.jpg,"[1, 0.32109375, 0.653125, 0.1421875, 0.42291666666666666]"
B20_1.jpg,"[1, 0.67109375, 0.5927083333333333, 0.2546875, 0.4979166666666667]"
B21_0.jpg,"[1, 0.3671875, 0.6854166666666667, 0.115625, 0.35]"
B21_1.jpg,"[1, 0.32890625, 0.6197916666666666, 0.1921875, 0.38125]"
B23_0.jpg,"[1, 0.38125, 0.7135416666666666, 0.103125, 0.29791666666666666]"
B23_1.jpg,"[1, 0.34921875, 0.6729166666666667, 0.1484375, 0.32083333333333336]"
B25_0.jpg,"[1, 0.2828125, 0.5791666666666667, 0.146875, 0.4375]"
B25_1.jpg,"[1, 0.31015625, 0.5958333333333333, 0.2359375, 0.4708333333333333]"
B26_0.jpg,"[1, 0.26796875, 0.571875, 0.1640625, 0.49375]"
B26_1.jpg,"[1, 0.2359375, 0.625, 0.203125, 0.5833333333333334]"
B27_0.jpg,"[1, 0.36171875, 0.6822916666666666, 0.1171875, 0.33541666666666664]"
B27_1.jpg,"[1, 0.36171875, 0.6822916666666666, 0.1171875, 0.33541666666666664]"
B28_0.jpg,"[1, 0.26484375, 0.665625, 0.1203125, 0.35625]"
B28_1.jpg,"[1, 0.2125, 0.64375, 0.128125, 0.32916666666666666]"
B30_0.jpg,"[1, 0.19375, 0.590625, 0.128125, 0.38125]"
B30_1.jpg,"[1, 0.21015625, 0.6614583333333334, 0.1765625, 0.40625]"
B5_0.jpg,"[1, 0.12734375, 0.4, 0.1609375, 0.42916666666666664]"
B5_1.jpg,"[1, 0.12734375, 0.4, 0.1609375, 0.42916666666666664]"
B7_0.jpg,"[1, 0.3765625, 0.7625, 0.103125, 0.30416666666666664]"
B7_1.jpg,"[1, 0.62421875, 0.7604166666666666, 0.1046875, 0.30416666666666664]"
B8_0.jpg,"[1, 0.17734375, 0.796875, 0.1109375, 0.35625]"
B8_1.jpg,"[1, 0.8578125, 0.7114583333333333, 0.159375, 0.3770833333333333]"
C1_0.jpg,"[2, 0.36171875, 0.609375, 0.2453125, 0.2520833333333333]"
C1_1.jpg,"[2, 0.66328125, 0.484375, 0.4578125, 0.41875]"
C10_0.jpg,"[2, 0.2671875, 0.7197916666666667, 0.18125, 0.19791666666666666]"
C10_1.jpg,"[2, 0.665625, 0.8010416666666667, 0.321875, 0.3229166666666667]"
C11_0.jpg,"[2, 0.33359375, 0.65625, 0.2015625, 0.24166666666666667]"
C11_1.jpg,"[2, 0.3390625, 0.54375, 0.29375, 0.37916666666666665]"
C12_0.jpg,"[2, 0.34296875, 0.721875, 0.1890625, 0.23541666666666666]"
C12_1.jpg,"[2, 0.34140625, 0.7197916666666667, 0.1890625, 0.23541666666666666]"
C13_0.jpg,"[2, 0.34921875, 0.721875, 0.1796875, 0.21875]"
C13_1.jpg,"[2, 0.640625, 0.7322916666666667, 0.1875, 0.23125]"
C14_0.jpg,"[2, 0.35546875, 0.7291666666666666, 0.1671875, 0.20833333333333334]"
C14_1.jpg,"[2, 0.346875, 0.71875, 0.175, 0.21666666666666667]"
C18_0.jpg,"[2, 0.2875, 0.684375, 0.2125, 0.27708333333333335]"
C18_1.jpg,"[2, 0.7125, 0.684375, 0.2125, 0.27708333333333335]"
C19_0.jpg,"[2, 0.28671875, 0.68125, 0.2234375, 0.2833333333333333]"
C2_0.jpg,"[2, 0.31796875, 0.61875, 0.1765625, 0.2]"
C2_1.jpg,"[2, 0.58671875, 0.5354166666666667, 0.2296875, 0.2875]"
C22_0.jpg,"[2, 0.31796875, 0.6625, 0.2078125, 0.2708333333333333]"
C22_1.jpg,"[2, 0.36796875, 0.55625, 0.3046875, 0.4041666666666667]"
C23_0.jpg,"[2, 0.29609375, 0.7, 0.2328125, 0.3125]"
C23_1.jpg,"[2, 0.7421875, 0.678125, 0.378125, 0.4895833333333333]"
C26_0.jpg,"[2, 0.25859375, 0.6635416666666667, 0.2515625, 0.32708333333333334]"
C26_1.jpg,"[2, 0.18359375, 0.7447916666666666, 0.3671875, 0.4479166666666667]"
C27_0.jpg,"[2, 0.2515625, 0.6729166666666667, 0.2625, 0.3375]"
C27_1.jpg,"[2, 0.30859375, 0.771875, 0.3328125, 0.4354166666666667]"
C29_0.jpg,"[2, 0.33046875, 0.725, 0.2140625, 0.2708333333333333]"
C29_1.jpg,"[2, 0.29765625, 0.671875, 0.2515625, 0.3229166666666667]"
C3_0.jpg,"[2, 0.34609375, 0.746875, 0.2734375, 0.3229166666666667]"
C3_1.jpg,"[2, 0.62890625, 0.7697916666666667, 0.3015625, 0.3645833333333333]"
C30_0.jpg,"[2, 0.340625, 0.721875, 0.196875, 0.2604166666666667]"
C30_1.jpg,"[2, 0.340625, 0.721875, 0.196875, 0.2604166666666667]"
C4_0.jpg,"[2, 0.18984375, 0.74375, 0.2703125, 0.32083333333333336]"
C4_1.jpg,"[2, 0.8296875, 0.6895833333333333, 0.296875, 0.3625]"
C6_0.jpg,"[2, 0.22734375, 0.3104166666666667, 0.2828125, 0.3416666666666667]"
C6_1.jpg,"[2, 0.80234375, 0.42916666666666664, 0.3484375, 0.44166666666666665]"
C7_0.jpg,"[2, 0.40234375, 0.30625, 0.2859375, 0.3333333333333333]"
C7_1.jpg,"[2, 0.56171875, 0.42604166666666665, 0.3890625, 0.43125]"
C8_0.jpg,"[2, 0.33046875, 0.74375, 0.2203125, 0.26666666666666666]"
C8_1.jpg,"[2, 0.3203125, 0.6989583333333333, 0.234375, 0.3020833333333333]"
C9_0.jpg,"[2, 0.18984375, 0.684375, 0.2265625, 0.2604166666666667]"
C9_1.jpg,"[2, 0.16796875, 0.5958333333333333, 0.2609375, 0.31666666666666665]"
D10_0.jpg,"[3, 0.24609375, 0.6625, 0.2203125, 0.4083333333333333]"
D10_1.jpg,"[3, 0.23828125, 0.6395833333333333, 0.2390625, 0.425]"
D11_0.jpg,"[3, 0.38125, 0.625, 0.171875, 0.35833333333333334]"
D11_1.jpg,"[3, 0.35546875, 0.5635416666666667, 0.2515625, 0.41458333333333336]"
D12_0.jpg,"[3, 0.34921875, 0.675, 0.2171875, 0.4125]"
D12_1.jpg,"[3, 0.63046875, 0.6958333333333333, 0.3828125, 0.5333333333333333]"
D17_0.jpg,"[3, 0.36796875, 0.665625, 0.1578125, 0.36041666666666666]"
D17_1.jpg,"[3, 0.35703125, 0.6489583333333333, 0.1796875, 0.3770833333333333]"
D18_0.jpg,"[3, 0.37421875, 0.6541666666666667, 0.1453125, 0.2916666666666667]"
D18_1.jpg,"[3, 0.7765625, 0.6020833333333333, 0.296875, 0.42916666666666664]"
D19_0.jpg,"[3, 0.353125, 0.659375, 0.134375, 0.29375]"
D19_1.jpg,"[3, 0.31171875, 0.53125, 0.1796875, 0.2916666666666667]"
D2_0.jpg,"[3, 0.27421875, 0.56875, 0.2734375, 0.4791666666666667]"
D2_1.jpg,"[3, 0.296875, 0.6479166666666667, 0.3625, 0.5625]"
D20_0.jpg,"[3, 0.3796875, 0.6572916666666667, 0.146875, 0.3104166666666667]"
D20_1.jpg,"[3, 0.36171875, 0.628125, 0.1828125, 0.33958333333333335]"
D21_0.jpg,"[3, 0.35859375, 0.665625, 0.1484375, 0.33541666666666664]"
D21_1.jpg,"[3, 0.66796875, 0.6104166666666667, 0.2078125, 0.375]"
D22_0.jpg,"[3, 0.334375, 0.6166666666666667, 0.178125, 0.4]"
D22_1.jpg,"[3, 0.23515625, 0.39375, 0.3015625, 0.45416666666666666]"
D23_0.jpg,"[3, 0.35625, 0.653125, 0.146875, 0.32708333333333334]"
D23_1.jpg,"[3, 0.36015625, 0.74375, 0.2515625, 0.3958333333333333]"
D24_0.jpg,"[3, 0.34921875, 0.6041666666666666, 0.1859375, 0.42083333333333334]"
D24_1.jpg,"[3, 0.33359375, 0.5479166666666667, 0.2609375, 0.4708333333333333]"
D25_0.jpg,"[3, 0.39296875, 0.7416666666666667, 0.1640625, 0.37916666666666665]"
D25_1.jpg,"[3, 0.39296875, 0.7416666666666667, 0.1640625, 0.37916666666666665]"
D28_0.jpg,"[3, 0.18359375, 0.628125, 0.1546875, 0.3729166666666667]"
D28_1.jpg,"[3, 0.81640625, 0.628125, 0.1546875, 0.3729166666666667]"
D29_0.jpg,"[3, 0.33984375, 0.6375, 0.1796875, 0.37083333333333335]"
D29_1.jpg,"[3, 0.32734375, 0.609375, 0.2140625, 0.39791666666666664]"
D30_0.jpg,"[3, 0.39609375, 0.628125, 0.1953125, 0.39791666666666664]"
D30_1.jpg,"[3, 0.5484375, 0.6635416666666667, 0.33125, 0.50625]"
D5_0.jpg,"[3, 0.16796875, 0.7916666666666666, 0.2265625, 0.4166666666666667]"
D5_1.jpg,"[3, 0.83203125, 0.7916666666666666, 0.2265625, 0.4166666666666667]"
D6_0.jpg,"[3, 0.3015625, 0.3854166666666667, 0.2, 0.4041666666666667]"
D6_1.jpg,"[3, 0.303125, 0.378125, 0.20625, 0.41041666666666665]"
D8_0.jpg,"[3, 0.37109375, 0.78125, 0.1703125, 0.32083333333333336]"
D8_1.jpg,"[3, 0.36015625, 0.771875, 0.1828125, 0.33125]"
D9_0.jpg,"[3, 0.221875, 0.8291666666666667, 0.184375, 0.3416666666666667]"
D9_1.jpg,"[3, 0.6890625, 0.8625, 0.253125, 0.275]"
DD1_0.jpg,"[4, 0.3796875, 0.7354166666666667, 0.1625, 0.35833333333333334]"
DD1_1.jpg,"[4, 0.39375, 0.8489583333333334, 0.328125, 0.3020833333333333]"
DD10_0.jpg,"[4, 0.18125, 0.7375, 0.21875, 0.5166666666666667]"
DD10_1.jpg,"[4, 0.2109375, 0.7604166666666666, 0.275, 0.4791666666666667]"
DD11_0.jpg,"[4, 0.375, 0.6760416666666667, 0.121875, 0.29375]"
DD11_1.jpg,"[4, 0.3703125, 0.5385416666666667, 0.190625, 0.3104166666666667]"
DD12_0.jpg,"[4, 0.32109375, 0.7125, 0.1078125, 0.24166666666666667]"
DD12_1.jpg,"[4, 0.71875, 0.625, 0.159375, 0.275]"
DD13_0.jpg,"[4, 0.325, 0.7010416666666667, 0.11875, 0.2604166666666667]"
DD13_1.jpg,"[4, 0.675, 0.7010416666666667, 0.11875, 0.2604166666666667]"
DD14_0.jpg,"[4, 0.30234375, 0.703125, 0.1328125, 0.29375]"
DD14_1.jpg,"[4, 0.7109375, 0.7145833333333333, 0.325, 0.45]"
DD15_0.jpg,"[4, 0.30234375, 0.6947916666666667, 0.1453125, 0.32708333333333334]"
DD15_1.jpg,"[4, 0.32109375, 0.7416666666666667, 0.2359375, 0.39166666666666666]"
DD16_0.jpg,"[4, 0.29921875, 0.7041666666666667, 0.1515625, 0.3541666666666667]"
DD16_1.jpg,"[4, 0.8859375, 0.79375, 0.228125, 0.36666666666666664]"
DD17_0.jpg,"[4, 0.28671875, 0.709375, 0.1640625, 0.3854166666666667]"
DD17_1.jpg,"[4, 0.71328125, 0.709375, 0.1640625, 0.3854166666666667]"
DD18_0.jpg,"[4, 0.27734375, 0.6885416666666667, 0.1734375, 0.3645833333333333]"
DD18_1.jpg,"[4, 0.66640625, 0.565625, 0.2921875, 0.4479166666666667]"
DD19_0.jpg,"[4, 0.26796875, 0.6916666666666667, 0.1765625, 0.38333333333333336]"
DD19_1.jpg,"[4, 0.73203125, 0.6916666666666667, 0.1765625, 0.38333333333333336]"
DD2_0.jpg,"[4, 0.33125, 0.765625, 0.16875, 0.36041666666666666]"
DD2_1.jpg,"[4, 0.80859375, 0.7166666666666667, 0.2421875, 0.375]"
DD20_0.jpg,"[4, 0.25234375, 0.6885416666666667, 0.1859375, 0.3854166666666667]"
DD20_1.jpg,"[4, 0.77421875, 0.6, 0.2515625, 0.43333333333333335]"
DD21_0.jpg,"[4, 0.24296875, 0.703125, 0.1953125, 0.4395833333333333]"
DD21_1.jpg,"[4, 0.25546875, 0.7291666666666666, 0.2203125, 0.4583333333333333]"
DD22_0.jpg,"[4, 0.309375, 0.684375, 0.140625, 0.34791666666666665]"
DD22_1.jpg,"[4, 0.340625, 0.73125, 0.190625, 0.37916666666666665]"
DD23_0.jpg,"[4, 0.23984375, 0.7010416666666667, 0.1984375, 0.4270833333333333]"
DD23_1.jpg,"[4, 0.14765625, 0.5677083333333334, 0.2953125, 0.5395833333333333]"
DD24_0.jpg,"[4, 0.309375, 0.6875, 0.1625, 0.3625]"
DD24_1.jpg,"[4, 0.309375, 0.6875, 0.1625, 0.3625]"
DD25_0.jpg,"[4, 0.2125, 0.6854166666666667, 0.159375, 0.35]"
DD25_1.jpg,"[4, 0.2265625, 0.7197916666666667, 0.184375, 0.36875]"
DD26_0.jpg,"[4, 0.346875, 0.6760416666666667, 0.1625, 0.34375]"
DD26_1.jpg,"[4, 0.859375, 0.653125, 0.26875, 0.41875]"
DD27_0.jpg,"[4, 0.3765625, 0.69375, 0.1375, 0.30833333333333335]"
DD27_1.jpg,"[4, 0.3703125, 0.6864583333333333, 0.146875, 0.3145833333333333]"
DD28_0.jpg,"[4, 0.375, 0.7, 0.11875, 0.26666666666666666]"
DD28_1.jpg,"[4, 0.403125, 0.7260416666666667, 0.153125, 0.28958333333333336]"
DD29_0.jpg,"[4, 0.32734375, 0.7229166666666667, 0.1109375, 0.2833333333333333]"
DD29_1.jpg,"[4, 0.63125, 0.7666666666666667, 0.153125, 0.30833333333333335]"
DD3_0.jpg,"[4, 0.23046875, 0.74375, 0.1546875, 0.35833333333333334]"
DD3_1.jpg,"[4, 0.215625, 0.7135416666666666, 0.175, 0.3729166666666667]"
DD30_0.jpg,"[4, 0.35859375, 0.7197916666666667, 0.1046875, 0.23541666666666666]"
DD30_1.jpg,"[4, 0.68828125, 0.6427083333333333, 0.1578125, 0.26875]"
DD4_0.jpg,"[4, 0.140625, 0.75, 0.153125, 0.37916666666666665]"
DD5_0.jpg,"[4, 0.39921875, 0.784375, 0.1265625, 0.27291666666666664]"
DD5_1.jpg,"[4, 0.4375, 0.7447916666666666, 0.19375, 0.34791666666666665]"
DD6_0.jpg,"[4, 0.2828125, 0.803125, 0.1125, 0.26875]"
DD6_1.jpg,"[4, 0.62734375, 0.8645833333333334, 0.1734375, 0.2708333333333333]"
DD7_0.jpg,"[4, 0.1765625, 0.5625, 0.115625, 0.26666666666666666]"
DD7_1.jpg,"[4, 0.1734375, 0.46145833333333336, 0.159375, 0.29375]"
DD8_0.jpg,"[4, 0.21796875, 0.29791666666666666, 0.1421875, 0.2875]"
DD8_1.jpg,"[4, 0.72890625, 0.20104166666666667, 0.1953125, 0.32708333333333334]"
E1_0.jpg,"[5, 0.35625, 0.63125, 0.184375, 0.3125]"
E1_1.jpg,"[5, 0.34453125, 0.6072916666666667, 0.2109375, 0.33958333333333335]"
E11_0.jpg,"[5, 0.32734375, 0.6291666666666667, 0.1734375, 0.3375]"
E11_1.jpg,"[5, 0.66484375, 0.6427083333333333, 0.1890625, 0.35208333333333336]"
E12_0.jpg,"[5, 0.30234375, 0.6416666666666667, 0.1234375, 0.23333333333333334]"
E12_1.jpg,"[5, 0.70234375, 0.6270833333333333, 0.1328125, 0.24166666666666667]"
E13_0.jpg,"[5, 0.29921875, 0.6416666666666667, 0.1296875, 0.23333333333333334]"
E13_1.jpg,"[5, 0.278125, 0.5697916666666667, 0.16875, 0.26875]"
E14_0.jpg,"[5, 0.2984375, 0.63125, 0.1375, 0.25416666666666665]"
E14_1.jpg,"[5, 0.3171875, 0.734375, 0.178125, 0.3104166666666667]"
E15_0.jpg,"[5, 0.2828125, 0.6385416666666667, 0.15, 0.26875]"
E15_1.jpg,"[5, 0.68359375, 0.7052083333333333, 0.1953125, 0.3104166666666667]"
E17_0.jpg,"[5, 0.26484375, 0.64375, 0.1796875, 0.325]"
E17_1.jpg,"[5, 0.73515625, 0.640625, 0.1828125, 0.32708333333333334]"
E18_0.jpg,"[5, 0.23359375, 0.628125, 0.1953125, 0.34791666666666665]"
E18_1.jpg,"[5, 0.796875, 0.5260416666666666, 0.225, 0.3645833333333333]"
E19_0.jpg,"[5, 0.2625, 0.584375, 0.18125, 0.3229166666666667]"
E19_1.jpg,"[5, 0.74296875, 0.540625, 0.2109375, 0.35208333333333336]"
E2_0.jpg,"[5, 0.21171875, 0.6260416666666667, 0.1296875, 0.27291666666666664]"
E2_1.jpg,"[5, 0.33671875, 0.6895833333333333, 0.1890625, 0.3541666666666667]"
E23_0.jpg,"[5, 0.275, 0.5875, 0.178125, 0.32916666666666666]"
E23_1.jpg,"[5, 0.121875, 0.6489583333333333, 0.24375, 0.48541666666666666]"
E24_0.jpg,"[5, 0.2875, 0.6125, 0.209375, 0.375]"
E24_1.jpg,"[5, 0.315625, 0.6802083333333333, 0.275, 0.4354166666666667]"
E26_0.jpg,"[5, 0.38359375, 0.63125, 0.1296875, 0.2375]"
E26_1.jpg,"[5, 0.61640625, 0.63125, 0.1296875, 0.2375]"
E27_0.jpg,"[5, 0.3921875, 0.63125, 0.121875, 0.225]"
E27_1.jpg,"[5, 0.5328125, 0.6375, 0.184375, 0.25416666666666665]"
E29_0.jpg,"[5, 0.35, 0.6322916666666667, 0.109375, 0.21041666666666667]"
E29_1.jpg,"[5, 0.36171875, 0.7729166666666667, 0.1984375, 0.2791666666666667]"
E3_0.jpg,"[5, 0.2125, 0.603125, 0.1875, 0.36875]"
E30_0.jpg,"[5, 0.30546875, 0.640625, 0.1203125, 0.21875]"
E30_1.jpg,"[5, 0.40390625, 0.678125, 0.2171875, 0.29375]"
E4_0.jpg,"[5, 0.19609375, 0.6875, 0.2421875, 0.45416666666666666]"
E4_1.jpg,"[5, 0.234375, 0.7572916666666667, 0.3125, 0.48541666666666666]"
E7_0.jpg,"[5, 0.17734375, 0.35625, 0.1953125, 0.38333333333333336]"
E7_1.jpg,"[5, 0.81015625, 0.31666666666666665, 0.2203125, 0.4041666666666667]"
E8_0.jpg,"[5, 0.425, 0.775, 0.121875, 0.24166666666666667]"
E8_1.jpg,"[5, 0.5359375, 0.7875, 0.153125, 0.26666666666666666]"
E9_0.jpg,"[5, 0.26171875, 0.7479166666666667, 0.1296875, 0.22916666666666666]"
E9_1.jpg,"[5, 0.2859375, 0.7864583333333334, 0.2125, 0.3020833333333333]"
G1_0.jpg,"[6, 0.38984375, 0.6916666666666667, 0.3234375, 0.3875]"
G1_1.jpg,"[6, 0.4375, 0.7260416666666667, 0.396875, 0.5020833333333333]"
G11_0.jpg,"[6, 0.3921875, 0.6979166666666666, 0.246875, 0.275]"
G11_1.jpg,"[6, 0.428125, 0.7239583333333334, 0.2875, 0.34375]"
G12_0.jpg,"[6, 0.39921875, 0.696875, 0.2296875, 0.2520833333333333]"
G12_1.jpg,"[6, 0.56875, 0.8625, 0.459375, 0.275]"
G13_0.jpg,"[6, 0.421875, 0.721875, 0.203125, 0.24375]"
G13_1.jpg,"[6, 0.39453125, 0.7010416666666667, 0.2296875, 0.28541666666666665]"
G14_0.jpg,"[6, 0.321875, 0.70625, 0.1875, 0.24166666666666667]"
G14_1.jpg,"[6, 0.28515625, 0.6333333333333333, 0.2296875, 0.3]"
G15_0.jpg,"[6, 0.34921875, 0.784375, 0.1984375, 0.25625]"
G15_1.jpg,"[6, 0.4203125, 0.7229166666666667, 0.209375, 0.30416666666666664]"
G18_0.jpg,"[6, 0.29609375, 0.6666666666666666, 0.2265625, 0.2791666666666667]"
G18_1.jpg,"[6, 0.81640625, 0.7458333333333333, 0.3609375, 0.3541666666666667]"
G19_0.jpg,"[6, 0.371875, 0.671875, 0.25, 0.28958333333333336]"
G19_1.jpg,"[6, 0.35625, 0.6479166666666667, 0.275, 0.32916666666666666]"
G2_0.jpg,"[6, 0.23046875, 0.60625, 0.3140625, 0.3333333333333333]"
G2_1.jpg,"[6, 0.77578125, 0.5645833333333333, 0.3390625, 0.37916666666666665]"
G22_0.jpg,"[6, 0.39296875, 0.69375, 0.2453125, 0.2791666666666667]"
G22_1.jpg,"[6, 0.64296875, 0.6447916666666667, 0.2953125, 0.36041666666666666]"
G23_0.jpg,"[6, 0.3375, 0.6697916666666667, 0.25625, 0.3145833333333333]"
G23_1.jpg,"[6, 0.6859375, 0.6166666666666667, 0.303125, 0.38333333333333336]"
G24_0.jpg,"[6, 0.37421875, 0.6916666666666667, 0.2828125, 0.30833333333333335]"
G24_1.jpg,"[6, 0.60234375, 0.7135416666666666, 0.3140625, 0.36041666666666666]"
G26_0.jpg,"[6, 0.33984375, 0.66875, 0.3203125, 0.38333333333333336]"
G26_1.jpg,"[6, 0.3796875, 0.7197916666666667, 0.3875, 0.48541666666666666]"
G27_0.jpg,"[6, 0.30859375, 0.653125, 0.3515625, 0.4270833333333333]"
G27_1.jpg,"[6, 0.3296875, 0.6927083333333334, 0.4, 0.4979166666666667]"
G28_0.jpg,"[6, 0.3625, 0.6760416666666667, 0.309375, 0.35208333333333336]"
G28_1.jpg,"[6, 0.1671875, 0.6802083333333333, 0.334375, 0.48125]"
G29_0.jpg,"[6, 0.39296875, 0.671875, 0.2671875, 0.29375]"
G29_1.jpg,"[6, 0.60703125, 0.6708333333333333, 0.2671875, 0.29583333333333334]"
G3_0.jpg,"[6, 0.24921875, 0.6947916666666667, 0.3015625, 0.3770833333333333]"
G3_1.jpg,"[6, 0.75078125, 0.6947916666666667, 0.3015625, 0.3770833333333333]"
G5_0.jpg,"[6, 0.434375, 0.7916666666666666, 0.334375, 0.3875]"
G5_1.jpg,"[6, 0.409375, 0.778125, 0.365625, 0.4354166666666667]"
G6_0.jpg,"[6, 0.3359375, 0.8375, 0.221875, 0.2875]"
G6_1.jpg,"[6, 0.6640625, 0.8375, 0.221875, 0.2875]"
G7_0.jpg,"[6, 0.275, 0.75625, 0.259375, 0.2708333333333333]"
G7_1.jpg,"[6, 0.5953125, 0.859375, 0.346875, 0.28125]"
G8_0.jpg,"[6, 0.3140625, 0.796875, 0.234375, 0.25625]"
G8_1.jpg,"[6, 0.7484375, 0.6979166666666666, 0.284375, 0.3458333333333333]"
H1_0.jpg,"[7, 0.34609375, 0.6635416666666667, 0.1421875, 0.40208333333333335]"
H1_1.jpg,"[7, 0.34609375, 0.6635416666666667, 0.1421875, 0.40208333333333335]"
H10_0.jpg,"[7, 0.2703125, 0.7791666666666667, 0.115625, 0.30833333333333335]"
H10_1.jpg,"[7, 0.27421875, 0.784375, 0.1203125, 0.3104166666666667]"
H11_0.jpg,"[7, 0.3484375, 0.7135416666666666, 0.1375, 0.33958333333333335]"
H11_1.jpg,"[7, 0.403125, 0.7322916666666667, 0.23125, 0.39375]"
H13_0.jpg,"[7, 0.27734375, 0.696875, 0.1328125, 0.3854166666666667]"
H13_1.jpg,"[7, 0.27734375, 0.696875, 0.1328125, 0.3854166666666667]"
H15_0.jpg,"[7, 0.27421875, 0.7166666666666667, 0.1515625, 0.475]"
H15_1.jpg,"[7, 0.70390625, 0.75, 0.1921875, 0.49583333333333335]"
H16_0.jpg,"[7, 0.359375, 0.69375, 0.125, 0.37083333333333335]"
H16_1.jpg,"[7, 0.3328125, 0.6666666666666666, 0.190625, 0.42083333333333334]"
H17_0.jpg,"[7, 0.396875, 0.70625, 0.115625, 0.35]"
H17_1.jpg,"[7, 0.70625, 0.7364583333333333, 0.184375, 0.40625]"
H18_0.jpg,"[7, 0.34921875, 0.709375, 0.1140625, 0.35208333333333336]"
H18_1.jpg,"[7, 0.565625, 0.66875, 0.1875, 0.36666666666666664]"
H19_0.jpg,"[7, 0.2828125, 0.721875, 0.121875, 0.3770833333333333]"
H19_1.jpg,"[7, 0.26484375, 0.6875, 0.1515625, 0.39166666666666666]"
H20_0.jpg,"[7, 0.27109375, 0.70625, 0.1328125, 0.39166666666666666]"
H20_1.jpg,"[7, 0.20078125, 0.7854166666666667, 0.2328125, 0.42916666666666664]"
H22_0.jpg,"[7, 0.3375, 0.753125, 0.140625, 0.42291666666666666]"
H22_1.jpg,"[7, 0.3234375, 0.759375, 0.18125, 0.44375]"
H23_0.jpg,"[7, 0.34296875, 0.71875, 0.1140625, 0.3458333333333333]"
H23_1.jpg,"[7, 0.34296875, 0.71875, 0.1140625, 0.3458333333333333]"
H26_0.jpg,"[7, 0.28984375, 0.6875, 0.1453125, 0.425]"
H26_1.jpg,"[7, 0.71875, 0.6645833333333333, 0.16875, 0.4375]"
H27_0.jpg,"[7, 0.253125, 0.696875, 0.153125, 0.44375]"
H27_1.jpg,"[7, 0.253125, 0.696875, 0.153125, 0.44375]"
H28_0.jpg,"[7, 0.4, 0.73125, 0.109375, 0.3416666666666667]"
H28_1.jpg,"[7, 0.609375, 0.721875, 0.125, 0.34791666666666665]"
H3_0.jpg,"[7, 0.1546875, 0.6760416666666667, 0.153125, 0.43125]"
H3_1.jpg,"[7, 0.90546875, 0.7229166666666667, 0.1890625, 0.5041666666666667]"
H5_0.jpg,"[7, 0.15234375, 0.796875, 0.1546875, 0.40208333333333335]"
H5_1.jpg,"[7, 0.1546875, 0.8, 0.159375, 0.4]"
H6_0.jpg,"[7, 0.15546875, 0.36354166666666665, 0.1515625, 0.3854166666666667]"
H6_1.jpg,"[7, 0.91796875, 0.5822916666666667, 0.1640625, 0.47291666666666665]"
H6_1.jpg,"[7, 0.72890625, 0.440625, 0.2640625, 0.49375]"
H7_0.jpg,"[7, 0.39609375, 0.334375, 0.1609375, 0.46458333333333335]"
H7_1.jpg,"[7, 0.5765625, 0.309375, 0.228125, 0.4979166666666667]"
H8_0.jpg,"[7, 0.27734375, 0.6791666666666667, 0.1421875, 0.38333333333333336]"
H8_1.jpg,"[7, 0.4265625, 0.8364583333333333, 0.375, 0.32708333333333334]"
H9_0.jpg,"[7, 0.40859375, 0.7822916666666667, 0.1078125, 0.3104166666666667]"
H9_1.jpg,"[7, 0.6890625, 0.5791666666666667, 0.196875, 0.3375]"
I1_0.jpg,"[8, 0.39609375, 0.6354166666666666, 0.1671875, 0.3458333333333333]"
I1_1.jpg,"[8, 0.37421875, 0.5979166666666667, 0.2234375, 0.3875]"
I10_0.jpg,"[8, 0.2125, 0.578125, 0.23125, 0.46041666666666664]"
I10_1.jpg,"[8, 0.2609375, 0.45729166666666665, 0.290625, 0.5020833333333333]"
I11_0.jpg,"[8, 0.3375, 0.6354166666666666, 0.16875, 0.37083333333333335]"
I11_1.jpg,"[8, 0.525, 0.5927083333333333, 0.3, 0.46458333333333335]"
I13_0.jpg,"[8, 0.27734375, 0.6854166666666667, 0.1296875, 0.2833333333333333]"
I13_1.jpg,"[8, 0.6625, 0.7729166666666667, 0.19375, 0.325]"
I14_0.jpg,"[8, 0.24375, 0.6875, 0.134375, 0.29583333333333334]"
I14_1.jpg,"[8, 0.21171875, 0.5697916666666667, 0.1984375, 0.33541666666666664]"
I15_0.jpg,"[8, 0.196875, 0.690625, 0.1375, 0.3020833333333333]"
I15_1.jpg,"[8, 0.803125, 0.690625, 0.1375, 0.3020833333333333]"
I16_0.jpg,"[8, 0.225, 0.6875, 0.140625, 0.30833333333333335]"
I16_1.jpg,"[8, 0.77734375, 0.6770833333333334, 0.1453125, 0.3125]"
I17_0.jpg,"[8, 0.27109375, 0.66875, 0.1453125, 0.30833333333333335]"
I17_1.jpg,"[8, 0.74453125, 0.61875, 0.1796875, 0.3333333333333333]"
I18_0.jpg,"[8, 0.353125, 0.640625, 0.15, 0.32708333333333334]"
I18_1.jpg,"[8, 0.33203125, 0.590625, 0.2015625, 0.3645833333333333]"
I2_0.jpg,"[8, 0.37734375, 0.5604166666666667, 0.2140625, 0.42916666666666664]"
I2_1.jpg,"[8, 0.3921875, 0.6, 0.290625, 0.4875]"
I21_0.jpg,"[8, 0.31484375, 0.634375, 0.1453125, 0.32708333333333334]"
I21_1.jpg,"[8, 0.70546875, 0.5572916666666666, 0.2078125, 0.36875]"
I22_0.jpg,"[8, 0.28984375, 0.6041666666666666, 0.1921875, 0.3875]"
I22_1.jpg,"[8, 0.7015625, 0.48125, 0.278125, 0.43333333333333335]"
I23_0.jpg,"[8, 0.30859375, 0.621875, 0.1453125, 0.29375]"
I23_1.jpg,"[8, 0.67734375, 0.6520833333333333, 0.1734375, 0.31666666666666665]"
I24_0.jpg,"[8, 0.28125, 0.5947916666666667, 0.196875, 0.40625]"
I24_1.jpg,"[8, 0.79453125, 0.3885416666666667, 0.3203125, 0.55625]"
I25_0.jpg,"[8, 0.26796875, 0.584375, 0.2046875, 0.4395833333333333]"
I25_1.jpg,"[8, 0.2703125, 0.5958333333333333, 0.21875, 0.45]"
I26_0.jpg,"[8, 0.38046875, 0.61875, 0.1359375, 0.29583333333333334]"
I26_1.jpg,"[8, 0.53046875, 0.5354166666666667, 0.1984375, 0.3458333333333333]"
I27_0.jpg,"[8, 0.38046875, 0.61875, 0.1296875, 0.2875]"
I27_1.jpg,"[8, 0.60859375, 0.5416666666666666, 0.2078125, 0.32083333333333336]"
I28_0.jpg,"[8, 0.30859375, 0.6010416666666667, 0.1359375, 0.3104166666666667]"
I28_1.jpg,"[8, 0.29375, 0.5145833333333333, 0.203125, 0.35]"
I29_0.jpg,"[8, 0.31875, 0.60625, 0.1375, 0.30833333333333335]"
I29_1.jpg,"[8, 0.3859375, 0.7, 0.209375, 0.375]"
I5_0.jpg,"[8, 0.15546875, 0.803125, 0.1484375, 0.29791666666666666]"
I5_1.jpg,"[8, 0.890625, 0.6760416666666667, 0.2, 0.33958333333333335]"
I7_0.jpg,"[8, 0.20234375, 0.2625, 0.1484375, 0.3125]"
I7_1.jpg,"[8, 0.8171875, 0.315625, 0.178125, 0.33541666666666664]"
K10_0.jpg,"[9, 0.153125, 0.778125, 0.165625, 0.44375]"
K10_1.jpg,"[9, 0.153125, 0.778125, 0.165625, 0.44375]"
K11_0.jpg,"[9, 0.3796875, 0.653125, 0.171875, 0.3770833333333333]"
K11_1.jpg,"[9, 0.6796875, 0.790625, 0.353125, 0.41875]"
K12_0.jpg,"[9, 0.203125, 0.728125, 0.15, 0.33125]"
K12_1.jpg,"[9, 0.1765625, 0.8333333333333334, 0.18125, 0.3333333333333333]"
K13_0.jpg,"[9, 0.30625, 0.7010416666666667, 0.15625, 0.33958333333333335]"
K13_1.jpg,"[9, 0.51484375, 0.79375, 0.2828125, 0.4125]"
K17_0.jpg,"[9, 0.3640625, 0.684375, 0.209375, 0.45625]"
K17_1.jpg,"[9, 0.69296875, 0.6552083333333333, 0.2828125, 0.47291666666666665]"
K18_0.jpg,"[9, 0.32734375, 0.58125, 0.2203125, 0.475]"
K18_1.jpg,"[9, 0.66328125, 0.6072916666666667, 0.2609375, 0.50625]"
K19_0.jpg,"[9, 0.365625, 0.690625, 0.1875, 0.39791666666666664]"
K19_1.jpg,"[9, 0.628125, 0.753125, 0.365625, 0.49375]"
K2_0.jpg,"[9, 0.34921875, 0.6697916666666667, 0.1921875, 0.5145833333333333]"
K2_1.jpg,"[9, 0.66328125, 0.64375, 0.2359375, 0.5416666666666666]"
K21_0.jpg,"[9, 0.33046875, 0.69375, 0.1578125, 0.3416666666666667]"
K21_1.jpg,"[9, 0.35390625, 0.725, 0.1953125, 0.37083333333333335]"
K22_0.jpg,"[9, 0.35234375, 0.6479166666666667, 0.1859375, 0.4041666666666667]"
K22_1.jpg,"[9, 0.3984375, 0.7052083333333333, 0.278125, 0.46458333333333335]"
K23_0.jpg,"[9, 0.34609375, 0.703125, 0.1359375, 0.29375]"
K23_1.jpg,"[9, 0.33515625, 0.6875, 0.1515625, 0.30416666666666664]"
K24_0.jpg,"[9, 0.3640625, 0.6729166666666667, 0.171875, 0.35]"
K24_1.jpg,"[9, 0.29140625, 0.5979166666666667, 0.2859375, 0.45416666666666666]"
K25_0.jpg,"[9, 0.3671875, 0.6791666666666667, 0.159375, 0.35]"
K25_1.jpg,"[9, 0.659375, 0.5364583333333334, 0.25625, 0.38958333333333334]"
K27_0.jpg,"[9, 0.325, 0.690625, 0.165625, 0.36875]"
K27_1.jpg,"[9, 0.675, 0.690625, 0.165625, 0.36875]"
K28_0.jpg,"[9, 0.35546875, 0.728125, 0.1421875, 0.33125]"
K28_1.jpg,"[9, 0.64453125, 0.728125, 0.1421875, 0.33125]"
K3_0.jpg,"[9, 0.25546875, 0.66875, 0.1953125, 0.5125]"
K3_1.jpg,"[9, 0.70625, 0.7302083333333333, 0.28125, 0.5395833333333333]"
K4_0.jpg,"[9, 0.20546875, 0.4479166666666667, 0.1953125, 0.4125]"
K4_1.jpg,"[9, 0.23125, 0.5177083333333333, 0.209375, 0.44375]"
K5_0.jpg,"[9, 0.39296875, 0.425, 0.1828125, 0.4791666666666667]"
K5_1.jpg,"[9, 0.384375, 0.44895833333333335, 0.240625, 0.5145833333333333]"
K6_0.jpg,"[9, 0.33125, 0.771875, 0.18125, 0.45625]"
K8_0.jpg,"[9, 0.171875, 0.6854166666666667, 0.25625, 0.6291666666666667]"
K8_1.jpg,"[9, 0.7734375, 0.7260416666666667, 0.38125, 0.5479166666666667]"
K9_0.jpg,"[9, 0.33984375, 0.784375, 0.1453125, 0.43125]"
K9_1.jpg,"[9, 0.7734375, 0.83125, 0.246875, 0.3375]"
L10_0.jpg,"[10, 0.18046875, 0.421875, 0.2359375, 0.36875]"
L12_0.jpg,"[10, 0.32109375, 0.671875, 0.1890625, 0.28958333333333336]"
L12_1.jpg,"[10, 0.35390625, 0.6166666666666667, 0.2953125, 0.4166666666666667]"
L13_0.jpg,"[10, 0.28671875, 0.659375, 0.1921875, 0.29375]"
L13_1.jpg,"[10, 0.2703125, 0.6510416666666666, 0.24375, 0.35625]"
L14_0.jpg,"[10, 0.2828125, 0.6541666666666667, 0.196875, 0.30833333333333335]"
L14_1.jpg,"[10, 0.7546875, 0.609375, 0.221875, 0.3645833333333333]"
L15_0.jpg,"[10, 0.26484375, 0.653125, 0.1984375, 0.33125]"
L15_1.jpg,"[10, 0.209375, 0.5333333333333333, 0.25, 0.4]"
L16_0.jpg,"[10, 0.2625, 0.6479166666666667, 0.203125, 0.3333333333333333]"
L16_1.jpg,"[10, 0.79375, 0.5645833333333333, 0.4125, 0.6125]"
L19_0.jpg,"[10, 0.275, 0.646875, 0.234375, 0.36875]"
L19_1.jpg,"[10, 0.63515625, 0.5979166666666667, 0.2515625, 0.4041666666666667]"
L2_0.jpg,"[10, 0.290625, 0.65625, 0.225, 0.30833333333333335]"
L2_1.jpg,"[10, 0.27890625, 0.6239583333333333, 0.2484375, 0.33958333333333335]"
L20_0.jpg,"[10, 0.31484375, 0.678125, 0.2109375, 0.33125]"
L20_1.jpg,"[10, 0.890625, 0.5739583333333333, 0.21875, 0.40625]"
L21_0.jpg,"[10, 0.328125, 0.671875, 0.175, 0.27708333333333335]"
L21_1.jpg,"[10, 0.671875, 0.671875, 0.175, 0.27708333333333335]"
L22_0.jpg,"[10, 0.32421875, 0.6375, 0.2390625, 0.35833333333333334]"
L22_1.jpg,"[10, 0.690625, 0.5927083333333333, 0.284375, 0.41041666666666665]"
L23_0.jpg,"[10, 0.28125, 0.665625, 0.1875, 0.29791666666666666]"
L23_1.jpg,"[10, 0.740625, 0.59375, 0.234375, 0.3458333333333333]"
L24_0.jpg,"[10, 0.30625, 0.6197916666666666, 0.2625, 0.40208333333333335]"
L24_1.jpg,"[10, 0.7046875, 0.5760416666666667, 0.30625, 0.45208333333333334]"
L25_0.jpg,"[10, 0.29609375, 0.621875, 0.2859375, 0.42291666666666666]"
L25_1.jpg,"[10, 0.31953125, 0.6770833333333334, 0.3484375, 0.49583333333333335]"
L27_0.jpg,"[10, 0.2734375, 0.6291666666666667, 0.315625, 0.4875]"
L27_1.jpg,"[10, 0.32265625, 0.5177083333333333, 0.4546875, 0.6520833333333333]"
L3_0.jpg,"[10, 0.20234375, 0.640625, 0.2390625, 0.3645833333333333]"
L3_1.jpg,"[10, 0.1421875, 0.684375, 0.284375, 0.45625]"
L30_0.jpg,"[10, 0.378125, 0.7416666666666667, 0.178125, 0.2833333333333333]"
L30_1.jpg,"[10, 0.58828125, 0.7645833333333333, 0.2109375, 0.32083333333333336]"
L4_0.jpg,"[10, 0.37109375, 0.75625, 0.1953125, 0.275]"
L4_1.jpg,"[10, 0.42109375, 0.7895833333333333, 0.2390625, 0.32916666666666666]"
L5_0.jpg,"[10, 0.16875, 0.7760416666666666, 0.196875, 0.33125]"
L5_1.jpg,"[10, 0.659375, 0.8322916666666667, 0.259375, 0.33541666666666664]"
L6_0.jpg,"[10, 0.28671875, 0.8479166666666667, 0.1890625, 0.30416666666666664]"
L6_1.jpg,"[10, 0.25859375, 0.7333333333333333, 0.3515625, 0.44583333333333336]"
L7_0.jpg,"[10, 0.19921875, 0.565625, 0.3796875, 0.5520833333333334]"
L7_1.jpg,"[10, 0.21171875, 0.4791666666666667, 0.4234375, 0.6458333333333334]"
M1_0.jpg,"[11, 0.37421875, 0.684375, 0.1703125, 0.4979166666666667]"
M1_1.jpg,"[11, 0.44609375, 0.59375, 0.2890625, 0.5458333333333333]"
M12_0.jpg,"[11, 0.37109375, 0.6885416666666667, 0.1453125, 0.3854166666666667]"
M12_1.jpg,"[11, 0.6453125, 0.6635416666666667, 0.18125, 0.40625]"
M13_0.jpg,"[11, 0.303125, 0.665625, 0.15, 0.39791666666666664]"
M13_1.jpg,"[11, 0.2734375, 0.575, 0.234375, 0.44166666666666665]"
M14_0.jpg,"[11, 0.3125, 0.709375, 0.175, 0.46041666666666664]"
M14_1.jpg,"[11, 0.69140625, 0.746875, 0.2546875, 0.49375]"
M15_0.jpg,"[11, 0.35546875, 0.7010416666666667, 0.1578125, 0.4270833333333333]"
M15_1.jpg,"[11, 0.66015625, 0.6760416666666667, 0.1921875, 0.4479166666666667]"
M17_0.jpg,"[11, 0.35234375, 0.7135416666666666, 0.1140625, 0.3104166666666667]"
M17_1.jpg,"[11, 0.64765625, 0.7135416666666666, 0.1140625, 0.3104166666666667]"
M18_0.jpg,"[11, 0.325, 0.6625, 0.125, 0.32083333333333336]"
M18_1.jpg,"[11, 0.3328125, 0.6770833333333334, 0.140625, 0.3333333333333333]"
M19_0.jpg,"[11, 0.315625, 0.6572916666666667, 0.121875, 0.3229166666666667]"
M19_1.jpg,"[11, 0.59453125, 0.790625, 0.2578125, 0.41875]"
M2_0.jpg,"[11, 0.1484375, 0.775, 0.11875, 0.3875]"
M2_1.jpg,"[11, 0.33515625, 0.8854166666666666, 0.2203125, 0.22916666666666666]"
M20_0.jpg,"[11, 0.3140625, 0.6572916666666667, 0.128125, 0.33541666666666664]"
M20_1.jpg,"[11, 0.40078125, 0.6666666666666666, 0.2828125, 0.45]"
M21_0.jpg,"[11, 0.321875, 0.6635416666666667, 0.1375, 0.36041666666666666]"
M21_1.jpg,"[11, 0.70703125, 0.58125, 0.2140625, 0.4]"
M22_0.jpg,"[11, 0.38046875, 0.734375, 0.1359375, 0.34375]"
M22_1.jpg,"[11, 0.6390625, 0.7125, 0.165625, 0.3625]"
M23_0.jpg,"[11, 0.31484375, 0.6635416666666667, 0.1359375, 0.36041666666666666]"
M23_1.jpg,"[11, 0.68515625, 0.6635416666666667, 0.1359375, 0.36041666666666666]"
M24_0.jpg,"[11, 0.3328125, 0.7541666666666667, 0.125, 0.3458333333333333]"
M24_1.jpg,"[11, 0.3328125, 0.7541666666666667, 0.125, 0.3458333333333333]"
M25_0.jpg,"[11, 0.38125, 0.784375, 0.13125, 0.3729166666666667]"
M25_1.jpg,"[11, 0.6125, 0.728125, 0.178125, 0.34791666666666665]"
M26_0.jpg,"[11, 0.29375, 0.746875, 0.13125, 0.36041666666666666]"
M26_1.jpg,"[11, 0.08984375, 0.5979166666666667, 0.1796875, 0.4666666666666667]"
M27_0.jpg,"[11, 0.33671875, 0.6916666666666667, 0.1359375, 0.375]"
M27_1.jpg,"[11, 0.315625, 0.6552083333333333, 0.178125, 0.39791666666666664]"
M29_0.jpg,"[11, 0.3375, 0.6979166666666666, 0.146875, 0.4166666666666667]"
M29_1.jpg,"[11, 0.6484375, 0.7135416666666666, 0.171875, 0.43125]"
M30_0.jpg,"[11, 0.3359375, 0.6791666666666667, 0.159375, 0.42916666666666664]"
M30_1.jpg,"[11, 0.6640625, 0.6791666666666667, 0.159375, 0.42916666666666664]"
M4_0.jpg,"[11, 0.1703125, 0.7197916666666667, 0.15625, 0.46041666666666664]"
M4_1.jpg,"[11, 0.1421875, 0.621875, 0.225, 0.49375]"
M8_0.jpg,"[11, 0.22734375, 0.6447916666666667, 0.1734375, 0.4895833333333333]"
M8_1.jpg,"[11, 0.13046875, 0.6208333333333333, 0.2609375, 0.5916666666666667]"
N1_0.jpg,"[12, 0.325, 0.640625, 0.165625, 0.4395833333333333]"
N1_1.jpg,"[12, 0.16875, 0.653125, 0.25, 0.4895833333333333]"
N10_0.jpg,"[12, 0.21796875, 0.6166666666666667, 0.2671875, 0.6875]"
N10_1.jpg,"[12, 0.2375, 0.6552083333333333, 0.353125, 0.6895833333333333]"
N11_0.jpg,"[12, 0.39296875, 0.6729166666666667, 0.1203125, 0.35833333333333334]"
N11_1.jpg,"[12, 0.52109375, 0.7645833333333333, 0.1953125, 0.4]"
N12_0.jpg,"[12, 0.24609375, 0.6875, 0.1453125, 0.4125]"
N12_1.jpg,"[12, 0.14140625, 0.5864583333333333, 0.2828125, 0.5770833333333333]"
N13_0.jpg,"[12, 0.31875, 0.7010416666666667, 0.146875, 0.43125]"
N13_1.jpg,"[12, 0.71640625, 0.6208333333333333, 0.2359375, 0.4708333333333333]"
N14_0.jpg,"[12, 0.36171875, 0.6666666666666666, 0.1171875, 0.35]"
N14_1.jpg,"[12, 0.36171875, 0.6666666666666666, 0.1171875, 0.35]"
N15_0.jpg,"[12, 0.325, 0.66875, 0.11875, 0.3375]"
N15_1.jpg,"[12, 0.7484375, 0.6395833333333333, 0.240625, 0.375]"
N17_0.jpg,"[12, 0.29609375, 0.6822916666666666, 0.1109375, 0.32708333333333334]"
N17_1.jpg,"[12, 0.3375, 0.6145833333333334, 0.18125, 0.3458333333333333]"
N18_0.jpg,"[12, 0.28984375, 0.675, 0.1109375, 0.3125]"
N18_1.jpg,"[12, 0.2625, 0.5989583333333334, 0.165625, 0.33958333333333335]"
N19_0.jpg,"[12, 0.28359375, 0.678125, 0.1109375, 0.3145833333333333]"
N20_0.jpg,"[12, 0.33359375, 0.678125, 0.1109375, 0.31875]"
N20_1.jpg,"[12, 0.6984375, 0.6, 0.178125, 0.35]"
N22_0.jpg,"[12, 0.36171875, 0.6822916666666666, 0.1234375, 0.38125]"
N22_1.jpg,"[12, 0.63828125, 0.6822916666666666, 0.1234375, 0.38125]"
N24_0.jpg,"[12, 0.371875, 0.6916666666666667, 0.134375, 0.3958333333333333]"
N24_1.jpg,"[12, 0.371875, 0.6916666666666667, 0.134375, 0.3958333333333333]"
N25_0.jpg,"[12, 0.34921875, 0.68125, 0.1390625, 0.4125]"
N25_1.jpg,"[12, 0.60859375, 0.7604166666666666, 0.2296875, 0.4583333333333333]"
N26_0.jpg,"[12, 0.346875, 0.684375, 0.1375, 0.40625]"
N26_1.jpg,"[12, 0.34296875, 0.678125, 0.1453125, 0.41041666666666665]"
N28_0.jpg,"[12, 0.2125, 0.6875, 0.14375, 0.4083333333333333]"
N28_1.jpg,"[12, 0.7265625, 0.7875, 0.234375, 0.425]"
N29_0.jpg,"[12, 0.1875, 0.684375, 0.15625, 0.40625]"
N29_1.jpg,"[12, 0.1875, 0.684375, 0.15625, 0.40625]"
N3_0.jpg,"[12, 0.3453125, 0.6541666666666667, 0.1625, 0.44583333333333336]"
N3_1.jpg,"[12, 0.83828125, 0.6875, 0.2359375, 0.4875]"
N30_0.jpg,"[12, 0.16484375, 0.6875, 0.1421875, 0.4041666666666667]"
N30_1.jpg,"[12, 0.81796875, 0.465625, 0.3109375, 0.48125]"
N6_0.jpg,"[12, 0.15234375, 0.709375, 0.1578125, 0.4270833333333333]"
N6_1.jpg,"[12, 0.75, 0.7239583333333334, 0.453125, 0.5520833333333334]"
N8_0.jpg,"[12, 0.2, 0.425, 0.1375, 0.3375]"
N8_1.jpg,"[12, 0.19921875, 0.421875, 0.1390625, 0.33958333333333335]"
O1_0.jpg,"[13, 0.328125, 0.625, 0.178125, 0.3625]"
O1_1.jpg,"[13, 0.328125, 0.625, 0.178125, 0.3625]"
O11_0.jpg,"[13, 0.3375, 0.6822916666666666, 0.11875, 0.22708333333333333]"
O11_1.jpg,"[13, 0.6625, 0.6822916666666666, 0.11875, 0.22708333333333333]"
O12_0.jpg,"[13, 0.340625, 0.690625, 0.1, 0.19791666666666666]"
O12_1.jpg,"[13, 0.396875, 0.7489583333333333, 0.14375, 0.23125]"
O13_0.jpg,"[13, 0.36796875, 0.7354166666666667, 0.0890625, 0.175]"
O13_1.jpg,"[13, 0.36171875, 0.70625, 0.1296875, 0.225]"
O14_0.jpg,"[13, 0.38359375, 0.746875, 0.0859375, 0.16458333333333333]"
O14_1.jpg,"[13, 0.54609375, 0.784375, 0.1234375, 0.19375]"
O16_0.jpg,"[13, 0.33046875, 0.775, 0.0859375, 0.16666666666666666]"
O16_1.jpg,"[13, 0.56796875, 0.8979166666666667, 0.1890625, 0.20416666666666666]"
O17_0.jpg,"[13, 0.31484375, 0.753125, 0.0921875, 0.17708333333333334]"
O17_1.jpg,"[13, 0.67109375, 0.7677083333333333, 0.1015625, 0.18541666666666667]"
O18_0.jpg,"[13, 0.31171875, 0.725, 0.1046875, 0.19583333333333333]"
O18_1.jpg,"[13, 0.28125, 0.671875, 0.13125, 0.21875]"
O19_0.jpg,"[13, 0.29296875, 0.71875, 0.1109375, 0.21666666666666667]"
O19_1.jpg,"[13, 0.25859375, 0.64375, 0.1484375, 0.24583333333333332]"
O2_0.jpg,"[13, 0.15546875, 0.628125, 0.2015625, 0.41875]"
O2_1.jpg,"[13, 0.15546875, 0.628125, 0.2015625, 0.41875]"
O20_0.jpg,"[13, 0.26796875, 0.70625, 0.1203125, 0.2375]"
O20_1.jpg,"[13, 0.24453125, 0.6510416666666666, 0.1484375, 0.2604166666666667]"
O21_0.jpg,"[13, 0.24921875, 0.6625, 0.1421875, 0.2833333333333333]"
O21_1.jpg,"[13, 0.80078125, 0.6479166666666667, 0.2796875, 0.3958333333333333]"
O22_0.jpg,"[13, 0.31875, 0.684375, 0.11875, 0.23958333333333334]"
O22_1.jpg,"[13, 0.31875, 0.684375, 0.11875, 0.23958333333333334]"
O23_0.jpg,"[13, 0.25, 0.659375, 0.14375, 0.28541666666666665]"
O23_1.jpg,"[13, 0.2890625, 0.7395833333333334, 0.19375, 0.325]"
O25_0.jpg,"[13, 0.26796875, 0.665625, 0.1390625, 0.27291666666666664]"
O25_1.jpg,"[13, 0.2421875, 0.571875, 0.190625, 0.3145833333333333]"
O26_0.jpg,"[13, 0.24296875, 0.65625, 0.1546875, 0.3125]"
O26_1.jpg,"[13, 0.22890625, 0.6083333333333333, 0.1859375, 0.3375]"
O28_0.jpg,"[13, 0.221875, 0.6354166666666666, 0.184375, 0.38333333333333336]"
O28_1.jpg,"[13, 0.221875, 0.6354166666666666, 0.184375, 0.38333333333333336]"
O3_0.jpg,"[13, 0.36171875, 0.684375, 0.1328125, 0.26875]"
O3_1.jpg,"[13, 0.3328125, 0.6364583333333333, 0.175, 0.3020833333333333]"
O30_0.jpg,"[13, 0.35, 0.6916666666666667, 0.1, 0.22083333333333333]"
O30_1.jpg,"[13, 0.6859375, 0.6208333333333333, 0.146875, 0.25]"
O6_0.jpg,"[13, 0.29921875, 0.371875, 0.1390625, 0.3020833333333333]"
O6_1.jpg,"[13, 0.74296875, 0.33645833333333336, 0.1953125, 0.3229166666666667]"
O8_0.jpg,"[13, 0.13671875, 0.740625, 0.1734375, 0.3645833333333333]"
O8_1.jpg,"[13, 0.203125, 0.8302083333333333, 0.24375, 0.33958333333333335]"
P1_0.jpg,"[14, 0.42109375, 0.6541666666666667, 0.1890625, 0.4708333333333333]"
P1_1.jpg,"[14, 0.3875, 0.6125, 0.290625, 0.525]"
P10_0.jpg,"[14, 0.17109375, 0.675, 0.1890625, 0.4375]"
P10_1.jpg,"[14, 0.2453125, 0.5270833333333333, 0.334375, 0.5625]"
P11_0.jpg,"[14, 0.3625, 0.696875, 0.146875, 0.3854166666666667]"
P11_1.jpg,"[14, 0.26484375, 0.6739583333333333, 0.2609375, 0.46875]"
P13_0.jpg,"[14, 0.3484375, 0.678125, 0.14375, 0.33541666666666664]"
P13_1.jpg,"[14, 0.33203125, 0.65, 0.1734375, 0.35833333333333334]"
P14_0.jpg,"[14, 0.3484375, 0.7229166666666667, 0.13125, 0.325]"
P14_1.jpg,"[14, 0.33125, 0.7, 0.15625, 0.3416666666666667]"
P16_0.jpg,"[14, 0.334375, 0.7197916666666667, 0.121875, 0.29375]"
P16_1.jpg,"[14, 0.665625, 0.7197916666666667, 0.121875, 0.29375]"
P2_0.jpg,"[14, 0.234375, 0.6510416666666666, 0.26875, 0.61875]"
P21_0.jpg,"[14, 0.346875, 0.628125, 0.11875, 0.26875]"
P21_1.jpg,"[14, 0.675, 0.5552083333333333, 0.178125, 0.30625]"
P22_0.jpg,"[14, 0.3671875, 0.6875, 0.1375, 0.39166666666666666]"
P22_1.jpg,"[14, 0.66796875, 0.7708333333333334, 0.2421875, 0.4583333333333333]"
P23_0.jpg,"[14, 0.31875, 0.5760416666666667, 0.1125, 0.25625]"
P23_1.jpg,"[14, 0.328125, 0.6114583333333333, 0.140625, 0.27708333333333335]"
P24_0.jpg,"[14, 0.35859375, 0.7, 0.1578125, 0.375]"
P24_1.jpg,"[14, 0.26640625, 0.671875, 0.1765625, 0.31875]"
P26_0.jpg,"[14, 0.29609375, 0.7104166666666667, 0.1609375, 0.39166666666666666]"
P26_1.jpg,"[14, 0.65390625, 0.7739583333333333, 0.2328125, 0.4354166666666667]"
P27_0.jpg,"[14, 0.23984375, 0.703125, 0.1578125, 0.38958333333333334]"
P27_1.jpg,"[14, 0.77890625, 0.65, 0.1984375, 0.4166666666666667]"
P28_0.jpg,"[14, 0.19296875, 0.7072916666666667, 0.1671875, 0.39375]"
P28_1.jpg,"[14, 0.80234375, 0.7166666666666667, 0.1734375, 0.4]"
P29_0.jpg,"[14, 0.26796875, 0.7166666666666667, 0.1578125, 0.3958333333333333]"
P29_1.jpg,"[14, 0.74609375, 0.684375, 0.1859375, 0.41458333333333336]"
P3_0.jpg,"[14, 0.33359375, 0.49375, 0.2109375, 0.4791666666666667]"
P3_1.jpg,"[14, 0.3171875, 0.3854166666666667, 0.35625, 0.6125]"
P30_0.jpg,"[14, 0.340625, 0.715625, 0.16875, 0.40208333333333335]"
P30_1.jpg,"[14, 0.85, 0.4875, 0.3, 0.5875]"
P4_0.jpg,"[14, 0.31484375, 0.334375, 0.2078125, 0.4479166666666667]"
P4_1.jpg,"[14, 0.23203125, 0.3375, 0.3328125, 0.5375]"
P5_0.jpg,"[14, 0.11796875, 0.34791666666666665, 0.2140625, 0.4625]"
P5_1.jpg,"[14, 0.11796875, 0.42604166666666665, 0.2359375, 0.5020833333333333]"
P6_0.jpg,"[14, 0.159375, 0.6822916666666666, 0.1875, 0.43125]"
P6_1.jpg,"[14, 0.840625, 0.6822916666666666, 0.1875, 0.43125]"
P9_0.jpg,"[14, 0.24609375, 0.690625, 0.1515625, 0.35625]"
P9_1.jpg,"[14, 0.75390625, 0.690625, 0.1515625, 0.35625]"
Q1_0.jpg,"[15, 0.38125, 0.721875, 0.2625, 0.33125]"
Q1_1.jpg,"[15, 0.43046875, 0.7552083333333334, 0.3203125, 0.41458333333333336]"
Q10_0.jpg,"[15, 0.2625, 0.6260416666666667, 0.275, 0.3645833333333333]"
Q10_1.jpg,"[15, 0.30546875, 0.7208333333333333, 0.3484375, 0.4625]"
Q11_0.jpg,"[15, 0.36796875, 0.6666666666666666, 0.1796875, 0.30416666666666664]"
Q11_1.jpg,"[15, 0.3578125, 0.6614583333333334, 0.265625, 0.3854166666666667]"
Q13_0.jpg,"[15, 0.3375, 0.675, 0.171875, 0.30416666666666664]"
Q13_1.jpg,"[15, 0.3734375, 0.7208333333333333, 0.221875, 0.35]"
Q14_0.jpg,"[15, 0.321875, 0.6541666666666667, 0.18125, 0.3125]"
Q14_1.jpg,"[15, 0.334375, 0.6791666666666667, 0.20625, 0.3375]"
Q16_0.jpg,"[15, 0.31171875, 0.628125, 0.1921875, 0.3145833333333333]"
Q16_1.jpg,"[15, 0.68828125, 0.628125, 0.1921875, 0.3145833333333333]"
Q17_0.jpg,"[15, 0.30859375, 0.6416666666666667, 0.1921875, 0.32083333333333336]"
Q17_1.jpg,"[15, 0.72890625, 0.6427083333333333, 0.3703125, 0.47291666666666665]"
Q18_0.jpg,"[15, 0.30859375, 0.64375, 0.1921875, 0.32916666666666666]"
Q18_1.jpg,"[15, 0.3046875, 0.6354166666666666, 0.2, 0.3375]"
Q2_0.jpg,"[15, 0.25859375, 0.75, 0.2234375, 0.275]"
Q2_1.jpg,"[15, 0.41015625, 0.7864583333333334, 0.2765625, 0.34375]"
Q20_0.jpg,"[15, 0.2875, 0.6635416666666667, 0.228125, 0.3729166666666667]"
Q20_1.jpg,"[15, 0.7125, 0.6635416666666667, 0.228125, 0.3729166666666667]"
Q22_0.jpg,"[15, 0.34921875, 0.66875, 0.1890625, 0.30833333333333335]"
Q22_1.jpg,"[15, 0.603125, 0.7177083333333333, 0.2625, 0.39375]"
Q23_0.jpg,"[15, 0.321875, 0.696875, 0.2, 0.34791666666666665]"
Q23_1.jpg,"[15, 0.52421875, 0.7895833333333333, 0.3359375, 0.42083333333333334]"
Q24_0.jpg,"[15, 0.35, 0.6791666666666667, 0.19375, 0.31666666666666665]"
Q24_1.jpg,"[15, 0.87109375, 0.6020833333333333, 0.2578125, 0.4583333333333333]"
Q25_0.jpg,"[15, 0.32109375, 0.659375, 0.1671875, 0.27291666666666664]"
Q25_1.jpg,"[15, 0.34453125, 0.6979166666666666, 0.2015625, 0.30833333333333335]"
Q28_0.jpg,"[15, 0.25, 0.7375, 0.146875, 0.26666666666666666]"
Q28_1.jpg,"[15, 0.16875, 0.5791666666666667, 0.23125, 0.35833333333333334]"
Q29_0.jpg,"[15, 0.32421875, 0.7354166666666667, 0.1609375, 0.26666666666666666]"
Q29_1.jpg,"[15, 0.321875, 0.7322916666666667, 0.1625, 0.26875]"
Q3_0.jpg,"[15, 0.43125, 0.475, 0.2375, 0.3333333333333333]"
Q3_1.jpg,"[15, 0.5625, 0.45625, 0.28125, 0.3875]"
Q4_0.jpg,"[15, 0.29609375, 0.5270833333333333, 0.3328125, 0.375]"
Q4_1.jpg,"[15, 0.828125, 0.6614583333333334, 0.34375, 0.55625]"
Q5_0.jpg,"[15, 0.39375, 0.771875, 0.24375, 0.28958333333333336]"
Q5_1.jpg,"[15, 0.3296875, 0.70625, 0.303125, 0.38333333333333336]"
Q8_0.jpg,"[15, 0.3375, 0.6322916666666667, 0.265625, 0.30625]"
Q8_1.jpg,"[15, 0.3234375, 0.596875, 0.296875, 0.35625]"
Q9_0.jpg,"[15, 0.3921875, 0.753125, 0.2, 0.22708333333333333]"
Q9_1.jpg,"[15, 0.41953125, 0.7802083333333333, 0.2640625, 0.33125]"
R1_0.jpg,"[16, 0.32109375, 0.69375, 0.1734375, 0.26666666666666666]"
R1_1.jpg,"[16, 0.6796875, 0.690625, 0.175, 0.26875]"
R10_0.jpg,"[16, 0.29921875, 0.496875, 0.1890625, 0.3104166666666667]"
R10_1.jpg,"[16, 0.61484375, 0.6770833333333334, 0.3015625, 0.425]"
R13_0.jpg,"[16, 0.34609375, 0.75625, 0.0953125, 0.14583333333333334]"
R13_1.jpg,"[16, 0.6390625, 0.76875, 0.103125, 0.15416666666666667]"
R16_0.jpg,"[16, 0.32109375, 0.746875, 0.0921875, 0.13125]"
R16_1.jpg,"[16, 0.715625, 0.684375, 0.1125, 0.15625]"
R17_0.jpg,"[16, 0.2875, 0.7541666666666667, 0.096875, 0.1375]"
R17_1.jpg,"[16, 0.63359375, 0.834375, 0.1265625, 0.17291666666666666]"
R18_0.jpg,"[16, 0.171875, 0.765625, 0.109375, 0.15208333333333332]"
R18_1.jpg,"[16, 0.275, 0.8322916666666667, 0.175, 0.18125]"
R19_0.jpg,"[16, 0.15, 0.765625, 0.1125, 0.15625]"
R19_1.jpg,"[16, 0.21171875, 0.8760416666666667, 0.1390625, 0.18958333333333333]"
R2_0.jpg,"[16, 0.225, 0.73125, 0.1625, 0.225]"
R2_1.jpg,"[16, 0.8453125, 0.6572916666666667, 0.1875, 0.2520833333333333]"
R20_0.jpg,"[16, 0.22421875, 0.7541666666666667, 0.1171875, 0.1625]"
R20_1.jpg,"[16, 0.58359375, 0.9197916666666667, 0.1765625, 0.16041666666666668]"
R21_0.jpg,"[16, 0.2421875, 0.7479166666666667, 0.125, 0.175]"
R21_1.jpg,"[16, 0.7203125, 0.803125, 0.146875, 0.20208333333333334]"
R24_0.jpg,"[16, 0.321875, 0.7604166666666666, 0.134375, 0.19166666666666668]"
R24_1.jpg,"[16, 0.321875, 0.7604166666666666, 0.134375, 0.19166666666666668]"
R27_0.jpg,"[16, 0.29375, 0.746875, 0.159375, 0.23958333333333334]"
R27_1.jpg,"[16, 0.7328125, 0.6979166666666666, 0.1875, 0.2708333333333333]"
R28_0.jpg,"[16, 0.28046875, 0.7375, 0.1640625, 0.25]"
R28_1.jpg,"[16, 0.27890625, 0.7354166666666667, 0.1640625, 0.25]"
R29_0.jpg,"[16, 0.28671875, 0.778125, 0.1515625, 0.21041666666666667]"
R29_1.jpg,"[16, 0.75703125, 0.6989583333333333, 0.1859375, 0.2520833333333333]"
R3_0.jpg,"[16, 0.1875, 0.721875, 0.2, 0.29375]"
R3_1.jpg,"[16, 0.1734375, 0.68125, 0.21875, 0.31666666666666665]"
R4_0.jpg,"[16, 0.36484375, 0.803125, 0.1265625, 0.19375]"
R4_1.jpg,"[16, 0.6421875, 0.7958333333333333, 0.13125, 0.2]"
R5_0.jpg,"[16, 0.146875, 0.8125, 0.146875, 0.225]"
R5_1.jpg,"[16, 0.86953125, 0.5489583333333333, 0.2109375, 0.26458333333333334]"
R5_1.jpg,"[16, 0.91796875, 0.83125, 0.1640625, 0.19166666666666668]"
R6_0.jpg,"[16, 0.240625, 0.4635416666666667, 0.159375, 0.25625]"
R6_1.jpg,"[16, 0.240625, 0.4635416666666667, 0.159375, 0.25625]"
R7_0.jpg,"[16, 0.3671875, 0.5, 0.171875, 0.2833333333333333]"
R7_1.jpg,"[16, 0.36875, 0.4625, 0.2125, 0.325]"
R8_0.jpg,"[16, 0.284375, 0.7291666666666666, 0.171875, 0.25]"
R8_1.jpg,"[16, 0.26796875, 0.73125, 0.2703125, 0.3416666666666667]"
R9_0.jpg,"[16, 0.1859375, 0.75625, 0.215625, 0.32916666666666666]"
R9_1.jpg,"[16, 0.0984375, 0.7427083333333333, 0.196875, 0.45625]"
S12_0.jpg,"[17, 0.2859375, 0.6291666666666667, 0.353125, 0.32083333333333336]"
S12_1.jpg,"[17, 0.375, 0.6645833333333333, 0.425, 0.5208333333333334]"
S14_0.jpg,"[17, 0.31484375, 0.6854166666666667, 0.2984375, 0.3]"
S14_1.jpg,"[17, 0.325, 0.6583333333333333, 0.5, 0.45]"
S18_0.jpg,"[17, 0.3671875, 0.6697916666666667, 0.190625, 0.18541666666666667]"
S18_1.jpg,"[17, 0.1453125, 0.5708333333333333, 0.290625, 0.2916666666666667]"
S19_0.jpg,"[17, 0.38671875, 0.675, 0.1796875, 0.17083333333333334]"
S19_1.jpg,"[17, 0.39609375, 0.6854166666666667, 0.1890625, 0.1875]"
S2_0.jpg,"[17, 0.221875, 0.65, 0.2625, 0.2708333333333333]"
S2_1.jpg,"[17, 0.1796875, 0.6677083333333333, 0.321875, 0.33958333333333335]"
S20_0.jpg,"[17, 0.3875, 0.703125, 0.171875, 0.16458333333333333]"
S20_1.jpg,"[17, 0.34140625, 0.6385416666666667, 0.2046875, 0.23125]"
S21_0.jpg,"[17, 0.38984375, 0.75625, 0.1703125, 0.175]"
S21_1.jpg,"[17, 0.37890625, 0.8052083333333333, 0.2328125, 0.2604166666666667]"
S22_0.jpg,"[17, 0.34296875, 0.7072916666666667, 0.2140625, 0.21875]"
S22_1.jpg,"[17, 0.65703125, 0.7072916666666667, 0.2140625, 0.21875]"
S23_0.jpg,"[17, 0.33046875, 0.6479166666666667, 0.1953125, 0.19166666666666668]"
S23_1.jpg,"[17, 0.6234375, 0.5833333333333334, 0.25625, 0.30833333333333335]"
S24_0.jpg,"[17, 0.32109375, 0.7041666666666667, 0.2390625, 0.24166666666666667]"
S24_1.jpg,"[17, 0.28828125, 0.6395833333333333, 0.2765625, 0.3125]"
S25_0.jpg,"[17, 0.29609375, 0.690625, 0.2796875, 0.27708333333333335]"
S25_1.jpg,"[17, 0.7296875, 0.6989583333333333, 0.30625, 0.35625]"
S26_0.jpg,"[17, 0.253125, 0.709375, 0.346875, 0.34375]"
S26_1.jpg,"[17, 0.75859375, 0.6802083333333333, 0.3671875, 0.38125]"
S27_0.jpg,"[17, 0.25546875, 0.7, 0.3390625, 0.3375]"
S27_1.jpg,"[17, 0.74609375, 0.6947916666666667, 0.3421875, 0.34375]"
S28_0.jpg,"[17, 0.3171875, 0.8041666666666667, 0.290625, 0.3]"
S28_1.jpg,"[17, 0.73671875, 0.8052083333333333, 0.5265625, 0.38958333333333334]"
S29_0.jpg,"[17, 0.31875, 0.828125, 0.284375, 0.28958333333333336]"
S29_1.jpg,"[17, 0.68125, 0.828125, 0.284375, 0.28958333333333336]"
S3_0.jpg,"[17, 0.28046875, 0.65625, 0.4453125, 0.44583333333333336]"
S3_1.jpg,"[17, 0.2578125, 0.5708333333333333, 0.515625, 0.5875]"
S4_0.jpg,"[17, 0.39921875, 0.7479166666666667, 0.1859375, 0.2]"
S4_1.jpg,"[17, 0.58671875, 0.7552083333333334, 0.1953125, 0.21458333333333332]"
S6_0.jpg,"[17, 0.303125, 0.8416666666666667, 0.203125, 0.21666666666666667]"
S6_1.jpg,"[17, 0.30390625, 0.8427083333333333, 0.2046875, 0.21875]"
S7_0.jpg,"[17, 0.18046875, 0.840625, 0.2140625, 0.21458333333333332]"
S7_1.jpg,"[17, 0.796875, 0.8635416666666667, 0.228125, 0.20208333333333334]"
S8_0.jpg,"[17, 0.15625, 0.378125, 0.296875, 0.28958333333333336]"
S8_1.jpg,"[17, 0.865625, 0.309375, 0.265625, 0.36875]"
S9_0.jpg,"[17, 0.31484375, 0.334375, 0.3328125, 0.29791666666666666]"
S9_1.jpg,"[17, 0.69375, 0.353125, 0.35, 0.33125]"
T1_0.jpg,"[18, 0.353125, 0.571875, 0.2875, 0.39375]"
T1_1.jpg,"[18, 0.61875, 0.46979166666666666, 0.378125, 0.5229166666666667]"
T10_0.jpg,"[18, 0.38046875, 0.784375, 0.2203125, 0.35625]"
T10_1.jpg,"[18, 0.6234375, 0.7791666666666667, 0.225, 0.3625]"
T11_0.jpg,"[18, 0.33046875, 0.578125, 0.2484375, 0.36875]"
T12_0.jpg,"[18, 0.30234375, 0.6, 0.2359375, 0.3458333333333333]"
T12_1.jpg,"[18, 0.6984375, 0.59375, 0.240625, 0.35]"
T13_0.jpg,"[18, 0.29609375, 0.6, 0.2546875, 0.3625]"
T13_1.jpg,"[18, 0.70390625, 0.6, 0.2546875, 0.3625]"
T14_0.jpg,"[18, 0.28359375, 0.603125, 0.2703125, 0.40208333333333335]"
T14_1.jpg,"[18, 0.68125, 0.6354166666666666, 0.4875, 0.5916666666666667]"
T15_0.jpg,"[18, 0.2734375, 0.6, 0.278125, 0.4166666666666667]"
T15_1.jpg,"[18, 0.7328125, 0.5625, 0.3125, 0.4583333333333333]"
T18_0.jpg,"[18, 0.23984375, 0.609375, 0.3171875, 0.46041666666666664]"
T18_1.jpg,"[18, 0.23984375, 0.609375, 0.3171875, 0.46041666666666664]"
T2_0.jpg,"[18, 0.228125, 0.5875, 0.353125, 0.475]"
T2_1.jpg,"[18, 0.22421875, 0.5677083333333334, 0.3703125, 0.4979166666666667]"
T20_0.jpg,"[18, 0.33046875, 0.6291666666666667, 0.2140625, 0.32916666666666666]"
T20_1.jpg,"[18, 0.6296875, 0.6927083333333334, 0.28125, 0.40208333333333335]"
T22_0.jpg,"[18, 0.29375, 0.5760416666666667, 0.29375, 0.39375]"
T22_1.jpg,"[18, 0.28828125, 0.5479166666666667, 0.3203125, 0.42916666666666664]"
T23_0.jpg,"[18, 0.31875, 0.659375, 0.184375, 0.28958333333333336]"
T23_1.jpg,"[18, 0.35078125, 0.7916666666666666, 0.2359375, 0.32083333333333336]"
T24_0.jpg,"[18, 0.28984375, 0.56875, 0.3015625, 0.4]"
T24_1.jpg,"[18, 0.6859375, 0.6447916666666667, 0.375, 0.4979166666666667]"
T25_0.jpg,"[18, 0.27109375, 0.5635416666666667, 0.2796875, 0.40208333333333335]"
T25_1.jpg,"[18, 0.7109375, 0.6302083333333334, 0.340625, 0.47708333333333336]"
T26_0.jpg,"[18, 0.3125, 0.628125, 0.215625, 0.3229166666666667]"
T26_1.jpg,"[18, 0.690625, 0.6166666666666667, 0.225, 0.3333333333333333]"
T27_0.jpg,"[18, 0.30859375, 0.615625, 0.2203125, 0.3145833333333333]"
T27_1.jpg,"[18, 0.64453125, 0.6375, 0.3078125, 0.43333333333333335]"
T29_0.jpg,"[18, 0.33046875, 0.6197916666666666, 0.2140625, 0.32708333333333334]"
T29_1.jpg,"[18, 0.90625, 0.6208333333333333, 0.1875, 0.3875]"
T3_0.jpg,"[18, 0.275, 0.528125, 0.371875, 0.49375]"
T3_1.jpg,"[18, 0.284375, 0.54375, 0.56875, 0.9]"
T30_0.jpg,"[18, 0.32109375, 0.6166666666666667, 0.2234375, 0.3375]"
T30_1.jpg,"[18, 0.41796875, 0.6645833333333333, 0.2796875, 0.4166666666666667]"
T4_0.jpg,"[18, 0.18671875, 0.359375, 0.3078125, 0.4395833333333333]"
T9_0.jpg,"[18, 0.15859375, 0.6125, 0.3140625, 0.48333333333333334]"
T9_1.jpg,"[18, 0.09609375, 0.346875, 0.1921875, 0.5479166666666667]"
T9_1.jpg,"[18, 0.26796875, 0.46458333333333335, 0.3671875, 0.55]"
U1_0.jpg,"[19, 0.36796875, 0.646875, 0.1515625, 0.4895833333333333]"
U1_1.jpg,"[19, 0.615625, 0.6677083333333333, 0.2, 0.5104166666666666]"
U10_0.jpg,"[19, 0.253125, 0.8041666666666667, 0.121875, 0.36666666666666664]"
U11_0.jpg,"[19, 0.315625, 0.646875, 0.13125, 0.40625]"
U11_1.jpg,"[19, 0.75703125, 0.575, 0.2046875, 0.4375]"
U12_0.jpg,"[19, 0.34609375, 0.6625, 0.0921875, 0.3]"
U12_1.jpg,"[19, 0.40546875, 0.6645833333333333, 0.1671875, 0.30833333333333335]"
U13_0.jpg,"[19, 0.340625, 0.665625, 0.09375, 0.29375]"
U13_1.jpg,"[19, 0.565625, 0.6041666666666666, 0.125, 0.35]"
U14_0.jpg,"[19, 0.321875, 0.6479166666666667, 0.1, 0.3125]"
U14_1.jpg,"[19, 0.678125, 0.6479166666666667, 0.1, 0.3125]"
U15_0.jpg,"[19, 0.296875, 0.6354166666666666, 0.10625, 0.3375]"
U15_1.jpg,"[19, 0.77890625, 0.4270833333333333, 0.2265625, 0.3875]"
U17_0.jpg,"[19, 0.275, 0.653125, 0.134375, 0.41041666666666665]"
U17_1.jpg,"[19, 0.6359375, 0.721875, 0.35625, 0.5520833333333334]"
U18_0.jpg,"[19, 0.25859375, 0.6604166666666667, 0.1453125, 0.45416666666666666]"
U18_1.jpg,"[19, 0.27734375, 0.7041666666666667, 0.1921875, 0.4791666666666667]"
U2_0.jpg,"[19, 0.140625, 0.7791666666666667, 0.128125, 0.3875]"
U2_1.jpg,"[19, 0.76953125, 0.8552083333333333, 0.2171875, 0.28958333333333336]"
U20_0.jpg,"[19, 0.30234375, 0.659375, 0.1015625, 0.31875]"
U20_1.jpg,"[19, 0.66796875, 0.709375, 0.1484375, 0.33958333333333335]"
U21_0.jpg,"[19, 0.290625, 0.64375, 0.10625, 0.3375]"
U21_1.jpg,"[19, 0.31171875, 0.6895833333333333, 0.1484375, 0.35833333333333334]"
U25_0.jpg,"[19, 0.32109375, 0.659375, 0.1171875, 0.36875]"
U25_1.jpg,"[19, 0.3390625, 0.6916666666666667, 0.15625, 0.3875]"
U26_0.jpg,"[19, 0.325, 0.6541666666666667, 0.109375, 0.35833333333333334]"
U26_1.jpg,"[19, 0.3125, 0.6270833333333333, 0.1375, 0.37083333333333335]"
U27_0.jpg,"[19, 0.33046875, 0.6541666666666667, 0.1046875, 0.32916666666666666]"
U27_1.jpg,"[19, 0.33046875, 0.6541666666666667, 0.1046875, 0.32916666666666666]"
U30_0.jpg,"[19, 0.346875, 0.665625, 0.096875, 0.3104166666666667]"
U30_1.jpg,"[19, 0.58046875, 0.625, 0.1734375, 0.3458333333333333]"
U5_0.jpg,"[19, 0.3984375, 0.5979166666666667, 0.115625, 0.3541666666666667]"
U5_1.jpg,"[19, 0.58671875, 0.61875, 0.1578125, 0.375]"
U6_0.jpg,"[19, 0.340625, 0.440625, 0.115625, 0.3645833333333333]"
U6_1.jpg,"[19, 0.77109375, 0.37395833333333334, 0.1515625, 0.3770833333333333]"
U7_0.jpg,"[19, 0.1453125, 0.465625, 0.125, 0.35208333333333336]"
U7_1.jpg,"[19, 0.14375, 0.490625, 0.1375, 0.36041666666666666]"
U8_0.jpg,"[19, 0.15859375, 0.671875, 0.1921875, 0.50625]"
U8_1.jpg,"[19, 0.84140625, 0.671875, 0.1921875, 0.50625]"
U9_0.jpg,"[19, 0.38671875, 0.7875, 0.1171875, 0.3375]"
U9_1.jpg,"[19, 0.60625, 0.7916666666666666, 0.125, 0.3416666666666667]"
V10_0.jpg,"[20, 0.36171875, 0.7666666666666667, 0.1359375, 0.3625]"
V10_1.jpg,"[20, 0.403125, 0.796875, 0.1875, 0.38958333333333334]"
V11_0.jpg,"[20, 0.340625, 0.64375, 0.140625, 0.36666666666666664]"
V11_1.jpg,"[20, 0.61328125, 0.8020833333333334, 0.3734375, 0.3958333333333333]"
V12_0.jpg,"[20, 0.26171875, 0.66875, 0.2234375, 0.5708333333333333]"
V12_1.jpg,"[20, 0.68671875, 0.7197916666666667, 0.3453125, 0.5604166666666667]"
V13_0.jpg,"[20, 0.26484375, 0.665625, 0.2234375, 0.5729166666666666]"
V13_1.jpg,"[20, 0.26328125, 0.6614583333333334, 0.2265625, 0.5770833333333333]"
V14_0.jpg,"[20, 0.29921875, 0.640625, 0.1890625, 0.45625]"
V14_1.jpg,"[20, 0.40859375, 0.740625, 0.2890625, 0.50625]"
V15_0.jpg,"[20, 0.31875, 0.64375, 0.1625, 0.4125]"
V15_1.jpg,"[20, 0.6546875, 0.6885416666666667, 0.221875, 0.4479166666666667]"
V17_0.jpg,"[20, 0.353125, 0.6697916666666667, 0.128125, 0.33125]"
V17_1.jpg,"[20, 0.6625, 0.6385416666666667, 0.1625, 0.35208333333333336]"
V18_0.jpg,"[20, 0.36484375, 0.6947916666666667, 0.1203125, 0.3145833333333333]"
V18_1.jpg,"[20, 0.41796875, 0.6197916666666666, 0.1671875, 0.32708333333333334]"
V20_0.jpg,"[20, 0.36796875, 0.703125, 0.1171875, 0.28958333333333336]"
V20_1.jpg,"[20, 0.4078125, 0.7385416666666667, 0.165625, 0.31875]"
V21_0.jpg,"[20, 0.365625, 0.7, 0.109375, 0.2833333333333333]"
V21_1.jpg,"[20, 0.28515625, 0.6875, 0.1796875, 0.3375]"
V23_0.jpg,"[20, 0.35625, 0.7, 0.1125, 0.29583333333333334]"
V23_1.jpg,"[20, 0.38125, 0.7270833333333333, 0.146875, 0.31666666666666665]"
V24_0.jpg,"[20, 0.3359375, 0.659375, 0.140625, 0.39791666666666664]"
V24_1.jpg,"[20, 0.73515625, 0.7520833333333333, 0.2828125, 0.49583333333333335]"
V26_0.jpg,"[20, 0.32734375, 0.628125, 0.1515625, 0.39791666666666664]"
V26_1.jpg,"[20, 0.646875, 0.6020833333333333, 0.25, 0.44583333333333336]"
V27_0.jpg,"[20, 0.321875, 0.6416666666666667, 0.165625, 0.425]"
V27_1.jpg,"[20, 0.35, 0.690625, 0.234375, 0.46458333333333335]"
V29_0.jpg,"[20, 0.30234375, 0.6572916666666667, 0.1828125, 0.4895833333333333]"
V29_1.jpg,"[20, 0.38671875, 0.5979166666666667, 0.2234375, 0.4625]"
V3_0.jpg,"[20, 0.14296875, 0.34375, 0.2109375, 0.5208333333333334]"
V3_1.jpg,"[20, 0.78984375, 0.5979166666666667, 0.3828125, 0.6416666666666667]"
V4_0.jpg,"[20, 0.33046875, 0.353125, 0.1953125, 0.5520833333333334]"
V4_1.jpg,"[20, 0.66015625, 0.33645833333333336, 0.2234375, 0.56875]"
V6_0.jpg,"[20, 0.22734375, 0.71875, 0.1515625, 0.4041666666666667]"
V6_1.jpg,"[20, 0.23671875, 0.7395833333333334, 0.1703125, 0.4166666666666667]"
V7_0.jpg,"[20, 0.171875, 0.721875, 0.175, 0.4354166666666667]"
V7_1.jpg,"[20, 0.22109375, 0.790625, 0.2484375, 0.41875]"
V8_0.jpg,"[20, 0.1921875, 0.6197916666666666, 0.265625, 0.65625]"
V8_1.jpg,"[20, 0.76796875, 0.6583333333333333, 0.4640625, 0.6833333333333333]"
V9_0.jpg,"[20, 0.36171875, 0.6260416666666667, 0.2328125, 0.6395833333333333]"
V9_1.jpg,"[20, 0.61015625, 0.659375, 0.3421875, 0.68125]"
X10_0.jpg,"[21, 0.21796875, 0.7760416666666666, 0.1265625, 0.35625]"
X10_1.jpg,"[21, 0.2734375, 0.83125, 0.184375, 0.3375]"
X14_0.jpg,"[21, 0.3640625, 0.7, 0.115625, 0.30833333333333335]"
X14_1.jpg,"[21, 0.3640625, 0.7, 0.115625, 0.30833333333333335]"
X17_0.jpg,"[21, 0.3796875, 0.71875, 0.1, 0.2375]"
X17_1.jpg,"[21, 0.53359375, 0.7260416666666667, 0.1296875, 0.28958333333333336]"
X18_0.jpg,"[21, 0.3921875, 0.74375, 0.096875, 0.22083333333333333]"
X18_1.jpg,"[21, 0.3984375, 0.7479166666666667, 0.103125, 0.225]"
X19_0.jpg,"[21, 0.35625, 0.74375, 0.090625, 0.22916666666666666]"
X19_1.jpg,"[21, 0.59296875, 0.6927083333333334, 0.1421875, 0.28541666666666665]"
X2_0.jpg,"[21, 0.17421875, 0.7885416666666667, 0.1265625, 0.32708333333333334]"
X2_1.jpg,"[21, 0.20078125, 0.83125, 0.1546875, 0.3375]"
X20_0.jpg,"[21, 0.33359375, 0.71875, 0.1046875, 0.24583333333333332]"
X20_1.jpg,"[21, 0.33515625, 0.7197916666666667, 0.1078125, 0.24791666666666667]"
X21_0.jpg,"[21, 0.32734375, 0.715625, 0.1203125, 0.28958333333333336]"
X21_1.jpg,"[21, 0.74296875, 0.6114583333333333, 0.1671875, 0.3145833333333333]"
X22_0.jpg,"[21, 0.36875, 0.771875, 0.13125, 0.33541666666666664]"
X22_1.jpg,"[21, 0.58046875, 0.8041666666666667, 0.1859375, 0.36666666666666664]"
X24_0.jpg,"[21, 0.35234375, 0.73125, 0.1453125, 0.35833333333333334]"
X24_1.jpg,"[21, 0.39453125, 0.76875, 0.2015625, 0.39166666666666666]"
X25_0.jpg,"[21, 0.32421875, 0.740625, 0.1765625, 0.41875]"
X25_1.jpg,"[21, 0.659375, 0.7583333333333333, 0.203125, 0.4375]"
X26_0.jpg,"[21, 0.284375, 0.73125, 0.196875, 0.475]"
X26_1.jpg,"[21, 0.284375, 0.73125, 0.196875, 0.475]"
X27_0.jpg,"[21, 0.26171875, 0.7416666666666667, 0.2140625, 0.5166666666666667]"
X27_1.jpg,"[21, 0.65234375, 0.7520833333333333, 0.3890625, 0.49583333333333335]"
X28_0.jpg,"[21, 0.23125, 0.71875, 0.2375, 0.5583333333333333]"
X28_1.jpg,"[21, 0.1, 0.7114583333333333, 0.2, 0.5770833333333333]"
X29_0.jpg,"[21, 0.26796875, 0.7322916666666667, 0.2296875, 0.5354166666666667]"
X29_1.jpg,"[21, 0.7703125, 0.6375, 0.33125, 0.6]"
X3_0.jpg,"[21, 0.325, 0.675, 0.196875, 0.475]"
X3_1.jpg,"[21, 0.23828125, 0.753125, 0.4390625, 0.49375]"
X30_0.jpg,"[21, 0.290625, 0.740625, 0.203125, 0.51875]"
X30_1.jpg,"[21, 0.309375, 0.7479166666666667, 0.240625, 0.5041666666666667]"
X4_0.jpg,"[21, 0.196875, 0.678125, 0.234375, 0.6395833333333333]"
X4_1.jpg,"[21, 0.80859375, 0.6572916666666667, 0.2578125, 0.6520833333333333]"
X6_0.jpg,"[21, 0.2546875, 0.39375, 0.1625, 0.4041666666666667]"
X7_0.jpg,"[21, 0.08671875, 0.4979166666666667, 0.1640625, 0.3958333333333333]"
X7_1.jpg,"[21, 0.103125, 0.38229166666666664, 0.20625, 0.43125]"
X8_0.jpg,"[21, 0.17734375, 0.6947916666666667, 0.2078125, 0.5604166666666667]"
X8_1.jpg,"[21, 0.17734375, 0.6947916666666667, 0.2078125, 0.5604166666666667]"
Y1_0.jpg,"[22, 0.3796875, 0.671875, 0.25, 0.28541666666666665]"
Y1_1.jpg,"[22, 0.6140625, 0.6770833333333334, 0.259375, 0.3]"
Y10_0.jpg,"[22, 0.35, 0.7479166666666667, 0.215625, 0.24583333333333332]"
Y10_1.jpg,"[22, 0.65, 0.7479166666666667, 0.215625, 0.24583333333333332]"
Y13_0.jpg,"[22, 0.37109375, 0.615625, 0.1984375, 0.21041666666666667]"
Y13_1.jpg,"[22, 0.39609375, 0.6104166666666667, 0.2515625, 0.32083333333333336]"
Y14_0.jpg,"[22, 0.37109375, 0.634375, 0.1828125, 0.18958333333333333]"
Y14_1.jpg,"[22, 0.5890625, 0.68125, 0.21875, 0.25833333333333336]"
Y15_0.jpg,"[22, 0.36796875, 0.64375, 0.1765625, 0.175]"
Y15_1.jpg,"[22, 0.41171875, 0.69375, 0.2109375, 0.24583333333333332]"
Y16_0.jpg,"[22, 0.36484375, 0.6479166666666667, 0.1734375, 0.16666666666666666]"
Y16_1.jpg,"[22, 0.48984375, 0.8072916666666666, 0.2546875, 0.29791666666666666]"
Y17_0.jpg,"[22, 0.35625, 0.6447916666666667, 0.18125, 0.18541666666666667]"
Y17_1.jpg,"[22, 0.3765625, 0.6489583333333333, 0.28125, 0.33958333333333335]"
Y18_0.jpg,"[22, 0.3453125, 0.634375, 0.1875, 0.18125]"
Y18_1.jpg,"[22, 0.6546875, 0.634375, 0.1875, 0.18125]"
Y2_0.jpg,"[22, 0.21796875, 0.646875, 0.2859375, 0.3020833333333333]"
Y2_1.jpg,"[22, 0.22578125, 0.27395833333333336, 0.4515625, 0.5479166666666667]"
Y21_0.jpg,"[22, 0.325, 0.63125, 0.2125, 0.2]"
Y21_1.jpg,"[22, 0.64921875, 0.6770833333333334, 0.2390625, 0.25416666666666665]"
Y23_0.jpg,"[22, 0.321875, 0.634375, 0.221875, 0.21041666666666667]"
Y23_1.jpg,"[22, 0.3015625, 0.5708333333333333, 0.253125, 0.275]"
Y24_0.jpg,"[22, 0.32734375, 0.6197916666666666, 0.2390625, 0.24375]"
Y24_1.jpg,"[22, 0.38046875, 0.7375, 0.2484375, 0.26666666666666666]"
Y25_0.jpg,"[22, 0.2984375, 0.625, 0.275, 0.25416666666666665]"
Y25_1.jpg,"[22, 0.29765625, 0.6604166666666667, 0.4328125, 0.3416666666666667]"
Y26_0.jpg,"[22, 0.28984375, 0.6666666666666666, 0.2921875, 0.26666666666666666]"
Y26_1.jpg,"[22, 0.70390625, 0.7645833333333333, 0.3546875, 0.4375]"
Y27_0.jpg,"[22, 0.27421875, 0.6854166666666667, 0.3234375, 0.2833333333333333]"
Y27_1.jpg,"[22, 0.715625, 0.703125, 0.3375, 0.3104166666666667]"
Y28_0.jpg,"[22, 0.24609375, 0.7, 0.3546875, 0.31666666666666665]"
Y28_1.jpg,"[22, 0.221875, 0.63125, 0.39375, 0.4]"
Y29_0.jpg,"[22, 0.28125, 0.64375, 0.30625, 0.2791666666666667]"
Y29_1.jpg,"[22, 0.29375, 0.675, 0.328125, 0.325]"
Y30_0.jpg,"[22, 0.3375, 0.6125, 0.240625, 0.25]"
Y4_0.jpg,"[22, 0.271875, 0.734375, 0.4375, 0.40625]"
Y4_1.jpg,"[22, 0.74453125, 0.7, 0.4671875, 0.4666666666666667]"
Y6_0.jpg,"[22, 0.2484375, 0.3375, 0.3125, 0.3375]"
Y6_1.jpg,"[22, 0.22578125, 0.4197916666666667, 0.3640625, 0.4270833333333333]"
Y8_0.jpg,"[22, 0.40546875, 0.7447916666666666, 0.2328125, 0.23958333333333334]"
Y8_1.jpg,"[22, 0.40546875, 0.7447916666666666, 0.2328125, 0.23958333333333334]"
